GAME_DATE_EST,GAME_SEQUENCE,GAME_ID,GAME_STATUS_ID,GAME_STATUS_TEXT,GAMECODE,HOME_TEAM_ID,VISITOR_TEAM_ID,SEASON,LIVE_PERIOD,LIVE_PC_TIME,NATL_TV_BROADCASTER_ABBREVIATION,LIVE_PERIOD_TIME_BCAST,WH_STATUS,GAME_DATE,ATTENDANCE,GAME_TIME
1999-02-05T00:00:00,1,0029800001,3,Final,19990205/TORBOS,1610612738,1610612761,1998,4, ,,Q4   - ,1,"FRIDAY, FEBRUARY 5, 1999",17892,2:18
1999-02-05T00:00:00,2,0029800002,3,Final,19990205/NYKORL,1610612753,1610612752,1998,4, ,,Q4   - ,1,"FRIDAY, FEBRUARY 5, 1999",17248,2:21
1999-02-05T00:00:00,3,0029800003,3,Final,19990205/DETMIA,1610612748,1610612765,1998,4, ,,Q4   - ,1,"FRIDAY, FEBRUARY 5, 1999",15200,2:04
1999-02-05T00:00:00,4,0029800004,3,Final,19990205/PHICHH,1610612766,1610612755,1998,4, ,,Q4   - ,1,"FRIDAY, FEBRUARY 5, 1999",21191,2:06
1999-02-05T00:00:00,5,0029800005,3,Final,19990205/CLEATL,1610612737,1610612739,1998,4, ,,Q4   - ,1,"FRIDAY, FEBRUARY 5, 1999",19806,2:21
1999-02-05T00:00:00,6,0029800006,3,Final,19990205/WASIND,1610612754,1610612764,1998,4, ,,Q4   - ,1,"FRIDAY, FEBRUARY 5, 1999",16621,2:07
1999-02-05T00:00:00,7,0029800007,3,Final,19990205/SACSAS,1610612759,1610612758,1998,4, ,,Q4   - ,1,"FRIDAY, FEBRUARY 5, 1999",19002,2:02
1999-02-05T00:00:00,8,0029800008,3,Final,19990205/MINDEN,1610612743,1610612750,1998,4, ,,Q4   - ,1,"FRIDAY, FEBRUARY 5, 1999",17171,2:13
1999-02-05T00:00:00,9,0029800009,3,Final,19990205/CHIUTA,1610612762,1610612741,1998,4, ,,Q4   - ,1,"FRIDAY, FEBRUARY 5, 1999",19911,2:15
1999-02-05T00:00:00,10,0029800010,3,Final,19990205/PHXLAC,1610612746,1610612756,1998,4, ,,Q4   - ,1,"FRIDAY, FEBRUARY 5, 1999",7689,2:18
1999-02-05T00:00:00,11,0029800011,3,Final,19990205/HOULAL,1610612747,1610612745,1998,4, ,,Q4   - ,1,"FRIDAY, FEBRUARY 5, 1999",17505,2:24
1999-02-05T00:00:00,12,0029800012,3,Final,19990205/DALSEA,1610612760,1610612742,1998,5, ,,Q5   - ,1,"FRIDAY, FEBRUARY 5, 1999",17072,2:37
1999-02-06T00:00:00,1,0029800013,3,Final,19990206/CLEBOS,1610612738,1610612739,1998,4, ,,Q4   - ,1,"SATURDAY, FEBRUARY 6, 1999",18173,2:26
1999-02-06T00:00:00,2,0029800014,3,Final,19990206/ORLPHI,1610612755,1610612753,1998,4, ,,Q4   - ,1,"SATURDAY, FEBRUARY 6, 1999",20143,2:17
1999-02-06T00:00:00,3,0029800015,3,Final,19990206/TORWAS,1610612764,1610612761,1998,4, ,,Q4   - ,1,"SATURDAY, FEBRUARY 6, 1999",19335,2:23
1999-02-06T00:00:00,4,0029800016,3,Final,19990206/MILCHH,1610612766,1610612749,1998,5, ,,Q5   - ,1,"SATURDAY, FEBRUARY 6, 1999",18820,2:39
1999-02-06T00:00:00,5,0029800017,3,Final,19990206/NJNATL,1610612737,1610612751,1998,4, ,,Q4   - ,1,"SATURDAY, FEBRUARY 6, 1999",21194,2:30
1999-02-06T00:00:00,6,0029800018,3,Final,19990206/MINSAS,1610612759,1610612750,1998,4, ,,Q4   - ,1,"SATURDAY, FEBRUARY 6, 1999",21319,2:28
1999-02-06T00:00:00,7,0029800019,3,Final,19990206/HOUGSW,1610612744,1610612745,1998,4, ,,Q4   - ,1,"SATURDAY, FEBRUARY 6, 1999",18215,2:23
1999-02-07T00:00:00,1,0029800020,3,Final,19990207/MIANYK,1610612752,1610612748,1998,4, ,,Q4   - ,1,"SUNDAY, FEBRUARY 7, 1999",19763,2:20
1999-02-07T00:00:00,2,0029800021,3,Final,19990207/ATLNJN,1610612751,1610612737,1998,4, ,,Q4   - ,1,"SUNDAY, FEBRUARY 7, 1999",18545,2:19
1999-02-07T00:00:00,3,0029800022,3,Final,19990207/INDDET,1610612765,1610612754,1998,4, ,,Q4   - ,1,"SUNDAY, FEBRUARY 7, 1999",18877,2:28
1999-02-07T00:00:00,4,0029800023,3,Final,19990207/DENPHX,1610612756,1610612743,1998,4, ,,Q4   - ,1,"SUNDAY, FEBRUARY 7, 1999",19023,2:26
1999-02-07T00:00:00,5,0029800024,3,Final,19990207/CHILAC,1610612746,1610612741,1998,4, ,,Q4   - ,1,"SUNDAY, FEBRUARY 7, 1999",6118,2:24
1999-02-07T00:00:00,6,0029800025,3,Final,19990207/UTALAL,1610612747,1610612762,1998,4, ,,Q4   - ,1,"SUNDAY, FEBRUARY 7, 1999",17505,2:32
1999-02-07T00:00:00,7,0029800026,3,Final,19990207/DALGSW,1610612744,1610612742,1998,6, ,,Q6   - ,1,"SUNDAY, FEBRUARY 7, 1999",12039,3:02
1999-02-07T00:00:00,8,0029800027,3,Final,19990207/VANSAC,1610612758,1610612763,1998,4, ,,Q4   - ,1,"SUNDAY, FEBRUARY 7, 1999",17317,2:05
1999-02-07T00:00:00,9,0029800028,3,Final,19990207/PORSEA,1610612760,1610612757,1998,4, ,,Q4   - ,1,"SUNDAY, FEBRUARY 7, 1999",17072,2:27
1999-02-08T00:00:00,1,0029800029,3,Final,19990208/BOSORL,1610612753,1610612738,1998,4, ,,Q4   - ,1,"MONDAY, FEBRUARY 8, 1999",15410,2:16
1999-02-08T00:00:00,2,0029800030,3,Final,19990208/MIACHH,1610612766,1610612748,1998,4, ,,Q4   - ,1,"MONDAY, FEBRUARY 8, 1999",18044,2:22
1999-02-08T00:00:00,3,0029800031,3,Final,19990208/INDCLE,1610612739,1610612754,1998,4, ,,Q4   - ,1,"MONDAY, FEBRUARY 8, 1999",17139,2:25
1999-02-08T00:00:00,4,0029800032,3,Final,19990208/WASDET,1610612765,1610612764,1998,4, ,,Q4   - ,1,"MONDAY, FEBRUARY 8, 1999",14210,2:34
1999-02-08T00:00:00,5,0029800033,3,Final,19990208/DENHOU,1610612745,1610612743,1998,4, ,,Q4   - ,1,"MONDAY, FEBRUARY 8, 1999",16285,2:01
1999-02-08T00:00:00,6,0029800034,3,Final,19990208/LALSAS,1610612759,1610612747,1998,4, ,,Q4   - ,1,"MONDAY, FEBRUARY 8, 1999",33788,2:12
1999-02-08T00:00:00,7,0029800035,3,Final,19990208/PORVAN,1610612763,1610612757,1998,4, ,,Q4   - ,1,"MONDAY, FEBRUARY 8, 1999",18353,2:15
1999-02-09T00:00:00,1,0029800036,3,Final,19990209/DETPHI,1610612755,1610612765,1998,4, ,,Q4   - ,1,"TUESDAY, FEBRUARY 9, 1999",15871,2:20
1999-02-09T00:00:00,2,0029800037,3,Final,19990209/BOSMIA,1610612748,1610612738,1998,4, ,,Q4   - ,1,"TUESDAY, FEBRUARY 9, 1999",15200,2:43
1999-02-09T00:00:00,3,0029800038,3,Final,19990209/MILTOR,1610612761,1610612749,1998,4, ,,Q4   - ,1,"TUESDAY, FEBRUARY 9, 1999",14577,2:09
1999-02-09T00:00:00,4,0029800039,3,Final,19990209/ATLCHI,1610612741,1610612737,1998,4, ,,Q4   - ,1,"TUESDAY, FEBRUARY 9, 1999",22553,0:00
1999-02-09T00:00:00,5,0029800040,3,Final,19990209/SASMIN,1610612750,1610612759,1998,4, ,,Q4   - ,1,"TUESDAY, FEBRUARY 9, 1999",16422,2:11
1999-02-09T00:00:00,6,0029800041,3,Final,19990209/UTADAL,1610612742,1610612762,1998,4, ,,Q4   - ,1,"TUESDAY, FEBRUARY 9, 1999",17070,2:13
1999-02-09T00:00:00,7,0029800042,3,Final,19990209/SACPHX,1610612756,1610612758,1998,4, ,,Q4   - ,1,"TUESDAY, FEBRUARY 9, 1999",18217,2:15
1999-02-09T00:00:00,8,0029800043,3,Final,19990209/GSWSEA,1610612760,1610612744,1998,4, ,,Q4   - ,1,"TUESDAY, FEBRUARY 9, 1999",17072,2:17
1999-02-10T00:00:00,1,0029800044,3,Final,19990210/WASNYK,1610612752,1610612764,1998,4, ,,Q4   - ,1,"WEDNESDAY, FEBRUARY 10, 1999",19763,2:19
1999-02-10T00:00:00,2,0029800045,3,Final,19990210/ORLNJN,1610612751,1610612753,1998,4, ,,Q4   - ,1,"WEDNESDAY, FEBRUARY 10, 1999",13217,2:07
1999-02-10T00:00:00,3,0029800046,3,Final,19990210/CLECHH,1610612766,1610612739,1998,4, ,,Q4   - ,1,"WEDNESDAY, FEBRUARY 10, 1999",18049,2:11
1999-02-10T00:00:00,4,0029800047,3,Final,19990210/SACHOU,1610612745,1610612758,1998,4, ,,Q4   - ,1,"WEDNESDAY, FEBRUARY 10, 1999",16285,2:06
1999-02-10T00:00:00,5,0029800048,3,Final,19990210/LALDEN,1610612743,1610612747,1998,4, ,,Q4   - ,1,"WEDNESDAY, FEBRUARY 10, 1999",13210,2:18
1999-02-10T00:00:00,6,0029800049,3,Final,19990210/SEAGSW,1610612744,1610612760,1998,4, ,,Q4   - ,1,"WEDNESDAY, FEBRUARY 10, 1999",8137,2:17
1999-02-10T00:00:00,7,0029800050,3,Final,19990210/INDPOR,1610612757,1610612754,1998,4, ,,Q4   - ,1,"WEDNESDAY, FEBRUARY 10, 1999",19980,2:18
1999-02-10T00:00:00,8,0029800051,3,Final,19990210/LACVAN,1610612763,1610612746,1998,4, ,,Q4   - ,1,"WEDNESDAY, FEBRUARY 10, 1999",14818,2:17
1999-02-11T00:00:00,1,0029800052,3,Final,19990211/TORMIA,1610612748,1610612761,1998,4, ,,Q4   - ,1,"THURSDAY, FEBRUARY 11, 1999",14832,2:08
1999-02-11T00:00:00,2,0029800053,3,Final,19990211/CHHATL,1610612737,1610612766,1998,4, ,,Q4   - ,1,"THURSDAY, FEBRUARY 11, 1999",8611,2:03
1999-02-11T00:00:00,3,0029800054,3,Final,19990211/SASCLE,1610612739,1610612759,1998,4, ,,Q4   - ,1,"THURSDAY, FEBRUARY 11, 1999",14228,2:19
1999-02-11T00:00:00,4,0029800055,3,Final,19990211/ORLDET,1610612765,1610612753,1998,4, ,,Q4   - ,1,"THURSDAY, FEBRUARY 11, 1999",17783,2:25
1999-02-11T00:00:00,5,0029800056,3,Final,19990211/NYKCHI,1610612741,1610612752,1998,4, ,,Q4   - ,1,"THURSDAY, FEBRUARY 11, 1999",22194,2:25
1999-02-11T00:00:00,6,0029800057,3,Final,19990211/NJNMIL,1610612749,1610612751,1998,4, ,,Q4   - ,1,"THURSDAY, FEBRUARY 11, 1999",18031,2:10
1999-02-11T00:00:00,7,0029800058,3,Final,19990211/LALMIN,1610612750,1610612747,1998,4, ,,Q4   - ,1,"THURSDAY, FEBRUARY 11, 1999",19006,2:07
1999-02-11T00:00:00,8,0029800059,3,Final,19990211/HOUDAL,1610612742,1610612745,1998,4, ,,Q4   - ,1,"THURSDAY, FEBRUARY 11, 1999",18121,2:20
1999-02-11T00:00:00,9,0029800060,3,Final,19990211/UTAPHX,1610612756,1610612762,1998,4, ,,Q4   - ,1,"THURSDAY, FEBRUARY 11, 1999",19023,2:07
1999-02-11T00:00:00,10,0029800061,3,Final,19990211/INDVAN,1610612763,1610612754,1998,4, ,,Q4   - ,1,"THURSDAY, FEBRUARY 11, 1999",14914,2:14
1999-02-12T00:00:00,1,0029800062,3,Final,19990212/SASPHI,1610612755,1610612759,1998,4, ,,Q4   - ,1,"FRIDAY, FEBRUARY 12, 1999",16892,2:37
1999-02-12T00:00:00,2,0029800063,3,Final,19990212/DALDEN,1610612743,1610612742,1998,4, ,,Q4   - ,1,"FRIDAY, FEBRUARY 12, 1999",10012,4:12
1999-02-12T00:00:00,3,0029800064,3,Final,19990212/UTAGSW,1610612744,1610612762,1998,4, ,,Q4   - ,1,"FRIDAY, FEBRUARY 12, 1999",11022,2:13
1999-02-13T00:00:00,1,0029800065,3,Final,19990213/LACPHX,1610612756,1610612746,1998,5, ,,Q5   - ,1,"SATURDAY, FEBRUARY 13, 1999",19023,2:45
1999-02-13T00:00:00,2,0029800066,3,Final,19990213/DENSEA,1610612760,1610612743,1998,4, ,,Q4   - ,1,"SATURDAY, FEBRUARY 13, 1999",17072,2:14
1999-02-14T00:00:00,1,0029800067,3,Final,19990214/ATLPHI,1610612755,1610612737,1998,4, ,,Q4   - ,1,"SUNDAY, FEBRUARY 14, 1999",13307,2:25
1999-02-14T00:00:00,2,0029800068,3,Final,19990214/MILORL,1610612753,1610612749,1998,4, ,,Q4   - ,1,"SUNDAY, FEBRUARY 14, 1999",15914,2:08
1999-02-14T00:00:00,3,0029800069,3,Final,19990214/SASCHI,1610612741,1610612759,1998,4, ,,Q4   - ,1,"SUNDAY, FEBRUARY 14, 1999",22386,2:02
1999-02-14T00:00:00,4,0029800070,3,Final,19990214/MINLAC,1610612746,1610612750,1998,4, ,,Q4   - ,1,"SUNDAY, FEBRUARY 14, 1999",8592,2:05
1999-02-14T00:00:00,5,0029800071,3,Final,19990214/INDLAL,1610612747,1610612754,1998,4, ,,Q4   - ,1,"SUNDAY, FEBRUARY 14, 1999",17505,2:34
1999-02-14T00:00:00,6,0029800072,3,Final,19990214/PORGSW,1610612744,1610612757,1998,6, ,,Q6   - ,1,"SUNDAY, FEBRUARY 14, 1999",10847,3:01
1999-02-14T00:00:00,7,0029800073,3,Final,19990214/DALVAN,1610612763,1610612742,1998,4, ,,Q4   - ,1,"SUNDAY, FEBRUARY 14, 1999",16059,2:14
1999-02-15T00:00:00,1,0029800074,3,Final,19990215/DETNYK,1610612752,1610612765,1998,4, ,,Q4   - ,1,"MONDAY, FEBRUARY 15, 1999",19763,2:17
1999-02-15T00:00:00,2,0029800075,3,Final,19990215/NJNMIA,1610612748,1610612751,1998,4, ,,Q4   - ,1,"MONDAY, FEBRUARY 15, 1999",15200,2:14
1999-02-15T00:00:00,3,0029800076,3,Final,19990215/PHXDEN,1610612743,1610612756,1998,4, ,,Q4   - ,1,"MONDAY, FEBRUARY 15, 1999",10415,2:15
1999-02-15T00:00:00,4,0029800077,3,Final,19990215/SACUTA,1610612762,1610612758,1998,5, ,,Q5   - ,1,"MONDAY, FEBRUARY 15, 1999",19911,2:36
1999-02-15T00:00:00,5,0029800078,3,Final,19990215/MINGSW,1610612744,1610612750,1998,4, ,,Q4   - ,1,"MONDAY, FEBRUARY 15, 1999",13118,2:23
1999-02-15T00:00:00,6,0029800079,3,Final,19990215/DALPOR,1610612757,1610612742,1998,4, ,,Q4   - ,1,"MONDAY, FEBRUARY 15, 1999",18231,2:05
1999-02-16T00:00:00,1,0029800080,3,Final,19990216/TORNYK,1610612752,1610612761,1998,4, ,,Q4   - ,1,"TUESDAY, FEBRUARY 16, 1999",19763,2:15
1999-02-16T00:00:00,2,0029800081,3,Final,19990216/DETNJN,1610612751,1610612765,1998,4, ,,Q4   - ,1,"TUESDAY, FEBRUARY 16, 1999",15633,2:12
1999-02-16T00:00:00,3,0029800082,3,Final,19990216/MILPHI,1610612755,1610612749,1998,4, ,,Q4   - ,1,"TUESDAY, FEBRUARY 16, 1999",10976,2:13
1999-02-16T00:00:00,4,0029800083,3,Final,19990216/ORLCLE,1610612739,1610612753,1998,4, ,,Q4   - ,1,"TUESDAY, FEBRUARY 16, 1999",12918,2:14
1999-02-16T00:00:00,5,0029800084,3,Final,19990216/MIAIND,1610612754,1610612748,1998,4, ,,Q4   - ,1,"TUESDAY, FEBRUARY 16, 1999",15812,2:06
1999-02-16T00:00:00,6,0029800085,3,Final,19990216/ATLCHI,1610612741,1610612737,1998,4, ,,Q4   - ,1,"TUESDAY, FEBRUARY 16, 1999",22156,2:10
1999-02-16T00:00:00,7,0029800086,3,Final,19990216/PHXHOU,1610612745,1610612756,1998,4, ,,Q4   - ,1,"TUESDAY, FEBRUARY 16, 1999",16285,2:04
1999-02-16T00:00:00,8,0029800087,3,Final,19990216/VANLAC,1610612746,1610612763,1998,6, ,,Q6   - ,1,"TUESDAY, FEBRUARY 16, 1999",9626,2:48
1999-02-16T00:00:00,9,0029800088,3,Final,19990216/CHHLAL,1610612747,1610612766,1998,4, ,,Q4   - ,1,"TUESDAY, FEBRUARY 16, 1999",14093,2:08
1999-02-16T00:00:00,10,0029800089,3,Final,19990216/BOSSAC,1610612758,1610612738,1998,4, ,,Q4   - ,1,"TUESDAY, FEBRUARY 16, 1999",16576,2:20
1999-02-16T00:00:00,11,0029800090,3,Final,19990216/UTASEA,1610612760,1610612762,1998,4, ,,Q4   - ,1,"TUESDAY, FEBRUARY 16, 1999",17072,2:06
1999-02-17T00:00:00,1,0029800091,3,Final,19990217/WASORL,1610612753,1610612764,1998,4, ,,Q4   - ,1,"WEDNESDAY, FEBRUARY 17, 1999",15147,2:06
1999-02-17T00:00:00,2,0029800092,3,Final,19990217/MIADET,1610612765,1610612748,1998,4, ,,Q4   - ,1,"WEDNESDAY, FEBRUARY 17, 1999",17225,2:12
1999-02-17T00:00:00,3,0029800093,3,Final,19990217/CHIMIL,1610612749,1610612741,1998,4, ,,Q4   - ,1,"WEDNESDAY, FEBRUARY 17, 1999",14682,2:12
1999-02-17T00:00:00,4,0029800094,3,Final,19990217/HOUMIN,1610612750,1610612745,1998,4, ,,Q4   - ,1,"WEDNESDAY, FEBRUARY 17, 1999",18151,2:12
1999-02-17T00:00:00,5,0029800095,3,Final,19990217/PHXSAS,1610612759,1610612756,1998,4, ,,Q4   - ,1,"WEDNESDAY, FEBRUARY 17, 1999",16419,2:06
1999-02-17T00:00:00,6,0029800096,3,Final,19990217/DALLAL,1610612747,1610612742,1998,4, ,,Q4   - ,1,"WEDNESDAY, FEBRUARY 17, 1999",13492,2:05
1999-02-17T00:00:00,7,0029800097,3,Final,19990217/CHHGSW,1610612744,1610612766,1998,4, ,,Q4   - ,1,"WEDNESDAY, FEBRUARY 17, 1999",9734,2:14
1999-02-17T00:00:00,8,0029800098,3,Final,19990217/DENPOR,1610612757,1610612743,1998,4, ,,Q4   - ,1,"WEDNESDAY, FEBRUARY 17, 1999",17726,2:06
1999-02-17T00:00:00,9,0029800099,3,Final,19990217/SACSEA,1610612760,1610612758,1998,5, ,,Q5   - ,1,"WEDNESDAY, FEBRUARY 17, 1999",17072,2:25
1999-02-17T00:00:00,10,0029800100,3,Final,19990217/BOSVAN,1610612763,1610612738,1998,7, ,,Q7   - ,1,"WEDNESDAY, FEBRUARY 17, 1999",13041,3:50
1999-02-18T00:00:00,1,0029800101,3,Final,19990218/HOUNJN,1610612751,1610612745,1998,5, ,,Q5   - ,1,"THURSDAY, FEBRUARY 18, 1999",18469,2:35
1999-02-18T00:00:00,2,0029800102,3,Final,19990218/WASTOR,1610612761,1610612764,1998,4, ,,Q4   - ,1,"THURSDAY, FEBRUARY 18, 1999",14292,2:30
1999-02-18T00:00:00,3,0029800103,3,Final,19990218/NYKCLE,1610612739,1610612752,1998,4, ,,Q4   - ,1,"THURSDAY, FEBRUARY 18, 1999",13910,2:08
1999-02-18T00:00:00,4,0029800104,3,Final,19990218/PHIIND,1610612754,1610612755,1998,4, ,,Q4   - ,1,"THURSDAY, FEBRUARY 18, 1999",15011,2:20
1999-02-18T00:00:00,5,0029800105,3,Final,19990218/DENUTA,1610612762,1610612743,1998,4, ,,Q4   - ,1,"THURSDAY, FEBRUARY 18, 1999",19212,2:16
1999-02-19T00:00:00,1,0029800106,3,Final,19990219/NYKPHI,1610612755,1610612752,1998,4, ,,Q4   - ,1,"FRIDAY, FEBRUARY 19, 1999",19681,2:09
1999-02-19T00:00:00,2,0029800107,3,Final,19990219/CHIWAS,1610612764,1610612741,1998,4, ,,Q4   - ,1,"FRIDAY, FEBRUARY 19, 1999",19220,2:17
1999-02-19T00:00:00,3,0029800108,3,Final,19990219/ORLATL,1610612737,1610612753,1998,5, ,,Q5   - ,1,"FRIDAY, FEBRUARY 19, 1999",9154,2:27
1999-02-19T00:00:00,4,0029800109,3,Final,19990219/MILTOR,1610612761,1610612749,1998,4, ,,Q4   - ,1,"FRIDAY, FEBRUARY 19, 1999",14888,2:14
1999-02-19T00:00:00,5,0029800110,3,Final,19990219/VANMIN,1610612750,1610612763,1998,4, ,,Q4   - ,1,"FRIDAY, FEBRUARY 19, 1999",17907,2:12
1999-02-19T00:00:00,6,0029800111,3,Final,19990219/DETPHX,1610612756,1610612765,1998,4, ,,Q4   - ,1,"FRIDAY, FEBRUARY 19, 1999",19023,2:09
1999-02-19T00:00:00,7,0029800112,3,Final,19990219/SASLAL,1610612747,1610612759,1998,4, ,,Q4   - ,1,"FRIDAY, FEBRUARY 19, 1999",17505,2:25
1999-02-19T00:00:00,8,0029800113,3,Final,19990219/DALGSW,1610612744,1610612742,1998,4, ,,Q4   - ,1,"FRIDAY, FEBRUARY 19, 1999",11432,2:13
1999-02-19T00:00:00,9,0029800114,3,Final,19990219/CHHSAC,1610612758,1610612766,1998,4, ,,Q4   - ,1,"FRIDAY, FEBRUARY 19, 1999",17317,2:06
1999-02-19T00:00:00,10,0029800115,3,Final,19990219/BOSPOR,1610612757,1610612738,1998,4, ,,Q4   - ,1,"FRIDAY, FEBRUARY 19, 1999",18345,2:10
1999-02-20T00:00:00,1,0029800116,3,Final,19990220/ATLPHI,1610612755,1610612737,1998,4, ,,Q4   - ,1,"SATURDAY, FEBRUARY 20, 1999",15159,2:06
1999-02-20T00:00:00,2,0029800117,3,Final,19990220/HOUMIA,1610612748,1610612745,1998,4, ,,Q4   - ,1,"SATURDAY, FEBRUARY 20, 1999",15200,2:16
1999-02-20T00:00:00,3,0029800118,3,Final,19990220/NJNCLE,1610612739,1610612751,1998,4, ,,Q4   - ,1,"SATURDAY, FEBRUARY 20, 1999",15321,2:19
1999-02-20T00:00:00,4,0029800119,3,Final,19990220/INDMIL,1610612749,1610612754,1998,4, ,,Q4   - ,1,"SATURDAY, FEBRUARY 20, 1999",18173,2:00
1999-02-20T00:00:00,5,0029800120,3,Final,19990220/SEAUTA,1610612762,1610612760,1998,4, ,,Q4   - ,1,"SATURDAY, FEBRUARY 20, 1999",19911,2:13
1999-02-20T00:00:00,6,0029800121,3,Final,19990220/DALLAC,1610612746,1610612742,1998,4, ,,Q4   - ,1,"SATURDAY, FEBRUARY 20, 1999",10946,2:05
1999-02-20T00:00:00,7,0029800122,3,Final,19990220/GSWPOR,1610612757,1610612744,1998,4, ,,Q4   - ,1,"SATURDAY, FEBRUARY 20, 1999",17645,2:20
1999-02-21T00:00:00,1,0029800123,3,Final,19990221/CHINYK,1610612752,1610612741,1998,4, ,,Q4   - ,1,"SUNDAY, FEBRUARY 21, 1999",19763,2:06
1999-02-21T00:00:00,2,0029800124,3,Final,19990221/BOSWAS,1610612764,1610612738,1998,4, ,,Q4   - ,1,"SUNDAY, FEBRUARY 21, 1999",20674,2:14
1999-02-21T00:00:00,3,0029800125,3,Final,19990221/HOUORL,1610612753,1610612745,1998,4, ,,Q4   - ,1,"SUNDAY, FEBRUARY 21, 1999",17248,2:14
1999-02-21T00:00:00,4,0029800126,3,Final,19990221/VANTOR,1610612761,1610612763,1998,4, ,,Q4   - ,1,"SUNDAY, FEBRUARY 21, 1999",19800,2:23
1999-02-21T00:00:00,5,0029800127,3,Final,19990221/NJNIND,1610612754,1610612751,1998,4, ,,Q4   - ,1,"SUNDAY, FEBRUARY 21, 1999",16531,2:30
1999-02-21T00:00:00,6,0029800128,3,Final,19990221/SACMIN,1610612750,1610612758,1998,4, ,,Q4   - ,1,"SUNDAY, FEBRUARY 21, 1999",16848,2:11
1999-02-21T00:00:00,7,0029800129,3,Final,19990221/DETSAS,1610612759,1610612765,1998,4, ,,Q4   - ,1,"SUNDAY, FEBRUARY 21, 1999",19495,2:13
1999-02-21T00:00:00,8,0029800130,3,Final,19990221/LALSEA,1610612760,1610612747,1998,4, ,,Q4   - ,1,"SUNDAY, FEBRUARY 21, 1999",17072,2:25
1999-02-22T00:00:00,1,0029800131,3,Final,19990222/SACORL,1610612753,1610612758,1998,4, ,,Q4   - ,1,"MONDAY, FEBRUARY 22, 1999",16542,2:01
1999-02-22T00:00:00,2,0029800132,3,Final,19990222/CHIATL,1610612737,1610612741,1998,4, ,,Q4   - ,1,"MONDAY, FEBRUARY 22, 1999",8258,2:11
1999-02-22T00:00:00,3,0029800133,3,Final,19990222/PHICLE,1610612739,1610612755,1998,4, ,,Q4   - ,1,"MONDAY, FEBRUARY 22, 1999",13203,2:20
1999-02-22T00:00:00,4,0029800134,3,Final,19990222/SASMIN,1610612750,1610612759,1998,4, ,,Q4   - ,1,"MONDAY, FEBRUARY 22, 1999",15374,2:12
1999-02-22T00:00:00,5,0029800135,3,Final,19990222/LALDEN,1610612743,1610612747,1998,5, ,,Q5   - ,1,"MONDAY, FEBRUARY 22, 1999",17171,2:51
1999-02-22T00:00:00,6,0029800136,3,Final,19990222/LACUTA,1610612762,1610612746,1998,4, ,,Q4   - ,1,"MONDAY, FEBRUARY 22, 1999",19911,2:16
1999-02-22T00:00:00,7,0029800137,3,Final,19990222/DALPHX,1610612756,1610612742,1998,4, ,,Q4   - ,1,"MONDAY, FEBRUARY 22, 1999",18596,1:56
1999-02-23T00:00:00,1,0029800138,3,Final,19990223/NJNNYK,1610612752,1610612751,1998,4, ,,Q4   - ,1,"TUESDAY, FEBRUARY 23, 1999",19763,2:15
1999-02-23T00:00:00,2,0029800139,3,Final,19990223/MIAWAS,1610612764,1610612748,1998,4, ,,Q4   - ,1,"TUESDAY, FEBRUARY 23, 1999",12879,2:05
1999-02-23T00:00:00,3,0029800140,3,Final,19990223/TORDET,1610612765,1610612761,1998,4, ,,Q4   - ,1,"TUESDAY, FEBRUARY 23, 1999",14187,2:01
1999-02-23T00:00:00,4,0029800141,3,Final,19990223/MILCHI,1610612741,1610612749,1998,4, ,,Q4   - ,1,"TUESDAY, FEBRUARY 23, 1999",22302,2:13
1999-02-23T00:00:00,5,0029800142,3,Final,19990223/ATLDAL,1610612742,1610612737,1998,4, ,,Q4   - ,1,"TUESDAY, FEBRUARY 23, 1999",13387,2:11
1999-02-23T00:00:00,6,0029800143,3,Final,19990223/SEAHOU,1610612745,1610612760,1998,4, ,,Q4   - ,1,"TUESDAY, FEBRUARY 23, 1999",16285,2:16
1999-02-23T00:00:00,7,0029800144,3,Final,19990223/GSWLAC,1610612746,1610612744,1998,4, ,,Q4   - ,1,"TUESDAY, FEBRUARY 23, 1999",8688,2:17
1999-02-23T00:00:00,8,0029800145,3,Final,19990223/LALVAN,1610612763,1610612747,1998,4, ,,Q4   - ,1,"TUESDAY, FEBRUARY 23, 1999",19193,2:30
1999-02-24T00:00:00,1,0029800146,3,Final,19990224/ORLBOS,1610612738,1610612753,1998,4, ,,Q4   - ,1,"WEDNESDAY, FEBRUARY 24, 1999",18235,2:02
1999-02-24T00:00:00,2,0029800147,3,Final,19990224/PORNJN,1610612751,1610612757,1998,4, ,,Q4   - ,1,"WEDNESDAY, FEBRUARY 24, 1999",17298,2:08
1999-02-24T00:00:00,3,0029800148,3,Final,19990224/SACPHI,1610612755,1610612758,1998,4, ,,Q4   - ,1,"WEDNESDAY, FEBRUARY 24, 1999",14437,2:08
1999-02-24T00:00:00,4,0029800149,3,Final,19990224/MIACHH,1610612766,1610612748,1998,4, ,,Q4   - ,1,"WEDNESDAY, FEBRUARY 24, 1999",17828,2:24
1999-02-24T00:00:00,5,0029800150,3,Final,19990224/CLEDET,1610612765,1610612739,1998,4, ,,Q4   - ,1,"WEDNESDAY, FEBRUARY 24, 1999",13271,2:07
1999-02-24T00:00:00,6,0029800151,3,Final,19990224/TORIND,1610612754,1610612761,1998,4, ,,Q4   - ,1,"WEDNESDAY, FEBRUARY 24, 1999",14700,2:03
1999-02-24T00:00:00,7,0029800152,3,Final,19990224/SEASAS,1610612759,1610612760,1998,4, ,,Q4   - ,1,"WEDNESDAY, FEBRUARY 24, 1999",15209,2:17
1999-02-24T00:00:00,8,0029800153,3,Final,19990224/UTADEN,1610612743,1610612762,1998,4, ,,Q4   - ,1,"WEDNESDAY, FEBRUARY 24, 1999",10925,2:14
1999-02-25T00:00:00,1,0029800154,3,Final,19990225/MINNYK,1610612752,1610612750,1998,5, ,,Q5   - ,1,"THURSDAY, FEBRUARY 25, 1999",19763,2:48
1999-02-25T00:00:00,2,0029800155,3,Final,19990225/SACWAS,1610612764,1610612758,1998,4, ,,Q4   - ,1,"THURSDAY, FEBRUARY 25, 1999",16813,2:03
1999-02-25T00:00:00,3,0029800156,3,Final,19990225/INDCLE,1610612739,1610612754,1998,4, ,,Q4   - ,1,"THURSDAY, FEBRUARY 25, 1999",14253,2:11
1999-02-25T00:00:00,4,0029800157,3,Final,19990225/PHICHI,1610612741,1610612755,1998,4, ,,Q4   - ,1,"THURSDAY, FEBRUARY 25, 1999",22337,2:11
1999-02-25T00:00:00,5,0029800158,3,Final,19990225/DENDAL,1610612742,1610612743,1998,4, ,,Q4   - ,1,"THURSDAY, FEBRUARY 25, 1999",13203,2:15
1999-02-25T00:00:00,6,0029800159,3,Final,19990225/ATLHOU,1610612745,1610612737,1998,4, ,,Q4   - ,1,"THURSDAY, FEBRUARY 25, 1999",16285,2:10
1999-02-25T00:00:00,7,0029800160,3,Final,19990225/LALLAC,1610612746,1610612747,1998,4, ,,Q4   - ,1,"THURSDAY, FEBRUARY 25, 1999",18456,2:00
1999-02-25T00:00:00,8,0029800161,3,Final,19990225/PHXVAN,1610612763,1610612756,1998,4, ,,Q4   - ,1,"THURSDAY, FEBRUARY 25, 1999",13494,2:14
1999-02-26T00:00:00,1,0029800162,3,Final,19990226/NYKBOS,1610612738,1610612752,1998,4, ,,Q4   - ,1,"FRIDAY, FEBRUARY 26, 1999",18624,2:14
1999-02-26T00:00:00,2,0029800163,3,Final,19990226/INDORL,1610612753,1610612754,1998,5, ,,Q5   - ,1,"FRIDAY, FEBRUARY 26, 1999",17248,2:26
1999-02-26T00:00:00,3,0029800164,3,Final,19990226/PORCHH,1610612766,1610612757,1998,4, ,,Q4   - ,1,"FRIDAY, FEBRUARY 26, 1999",18633,2:34
1999-02-26T00:00:00,4,0029800165,3,Final,19990226/MINTOR,1610612761,1610612750,1998,4, ,,Q4   - ,1,"FRIDAY, FEBRUARY 26, 1999",15122,2:15
1999-02-26T00:00:00,5,0029800166,3,Final,19990226/MIADET,1610612765,1610612748,1998,4, ,,Q4   - ,1,"FRIDAY, FEBRUARY 26, 1999",20083,2:23
1999-02-26T00:00:00,6,0029800167,3,Final,19990226/MILDEN,1610612743,1610612749,1998,4, ,,Q4   - ,1,"FRIDAY, FEBRUARY 26, 1999",10926,2:03
1999-02-26T00:00:00,7,0029800168,3,Final,19990226/DALUTA,1610612762,1610612742,1998,4, ,,Q4   - ,1,"FRIDAY, FEBRUARY 26, 1999",19911,2:11
1999-02-26T00:00:00,8,0029800169,3,Final,19990226/LACLAL,1610612747,1610612746,1998,4, ,,Q4   - ,1,"FRIDAY, FEBRUARY 26, 1999",17505,2:19
1999-02-26T00:00:00,9,0029800170,3,Final,19990226/PHXGSW,1610612744,1610612756,1998,4, ,,Q4   - ,1,"FRIDAY, FEBRUARY 26, 1999",15807,2:20
1999-02-26T00:00:00,10,0029800171,3,Final,19990226/SASSEA,1610612760,1610612759,1998,4, ,,Q4   - ,1,"FRIDAY, FEBRUARY 26, 1999",17072,2:10
1999-02-27T00:00:00,1,0029800172,3,Final,19990227/BOSNJN,1610612751,1610612738,1998,4, ,,Q4   - ,1,"SATURDAY, FEBRUARY 27, 1999",20049,2:22
1999-02-27T00:00:00,2,0029800173,3,Final,19990227/PORWAS,1610612764,1610612757,1998,4, ,,Q4   - ,1,"SATURDAY, FEBRUARY 27, 1999",18550,2:19
1999-02-27T00:00:00,3,0029800174,3,Final,19990227/CHHCHI,1610612741,1610612766,1998,4, ,,Q4   - ,1,"SATURDAY, FEBRUARY 27, 1999",22814,2:01
1999-02-27T00:00:00,4,0029800175,3,Final,19990227/SACDAL,1610612742,1610612758,1998,4, ,,Q4   - ,1,"SATURDAY, FEBRUARY 27, 1999",15009,2:10
1999-02-27T00:00:00,5,0029800176,3,Final,19990227/ATLLAC,1610612746,1610612737,1998,4, ,,Q4   - ,1,"SATURDAY, FEBRUARY 27, 1999",11563,2:03
1999-02-27T00:00:00,6,0029800177,3,Final,19990227/HOUVAN,1610612763,1610612745,1998,4, ,,Q4   - ,1,"SATURDAY, FEBRUARY 27, 1999",19193,2:10
1999-02-28T00:00:00,1,0029800178,3,Final,19990228/ORLMIA,1610612748,1610612753,1998,4, ,,Q4   - ,1,"SUNDAY, FEBRUARY 28, 1999",15200,2:27
1999-02-28T00:00:00,2,0029800179,3,Final,19990228/CHITOR,1610612761,1610612741,1998,5, ,,Q5   - ,1,"SUNDAY, FEBRUARY 28, 1999",14173,2:38
1999-02-28T00:00:00,3,0029800180,3,Final,19990228/NYKDET,1610612765,1610612752,1998,4, ,,Q4   - ,1,"SUNDAY, FEBRUARY 28, 1999",20896,2:14
1999-02-28T00:00:00,4,0029800181,3,Final,19990228/PHIMIL,1610612749,1610612755,1998,4, ,,Q4   - ,1,"SUNDAY, FEBRUARY 28, 1999",17586,2:08
1999-02-28T00:00:00,5,0029800182,3,Final,19990228/PORMIN,1610612750,1610612757,1998,4, ,,Q4   - ,1,"SUNDAY, FEBRUARY 28, 1999",16219,2:15
1999-02-28T00:00:00,6,0029800183,3,Final,19990228/UTASAS,1610612759,1610612762,1998,4, ,,Q4   - ,1,"SUNDAY, FEBRUARY 28, 1999",18165,2:22
1999-02-28T00:00:00,7,0029800184,3,Final,19990228/VANDEN,1610612743,1610612763,1998,4, ,,Q4   - ,1,"SUNDAY, FEBRUARY 28, 1999",9248,2:12
1999-02-28T00:00:00,8,0029800185,3,Final,19990228/GSWPHX,1610612756,1610612744,1998,4, ,,Q4   - ,1,"SUNDAY, FEBRUARY 28, 1999",18587,2:12
1999-02-28T00:00:00,9,0029800186,3,Final,19990228/HOULAL,1610612747,1610612745,1998,4, ,,Q4   - ,1,"SUNDAY, FEBRUARY 28, 1999",17505,2:18
1999-03-01T00:00:00,1,0029800187,3,Final,19990301/NJNBOS,1610612738,1610612751,1998,4, ,,Q4   - ,1,"MONDAY, MARCH 1, 1999",17747,2:13
1999-03-01T00:00:00,2,0029800188,3,Final,19990301/CLENYK,1610612752,1610612739,1998,4, ,,Q4   - ,1,"MONDAY, MARCH 1, 1999",19763,2:21
1999-03-01T00:00:00,3,0029800189,3,Final,19990301/PHIWAS,1610612764,1610612755,1998,4, ,,Q4   - ,1,"MONDAY, MARCH 1, 1999",13814,2:12
1999-03-01T00:00:00,4,0029800190,3,Final,19990301/ATLORL,1610612753,1610612737,1998,4, ,,Q4   - ,1,"MONDAY, MARCH 1, 1999",15359,2:14
1999-03-01T00:00:00,5,0029800191,3,Final,19990301/TORCHH,1610612766,1610612761,1998,4, ,,Q4   - ,1,"MONDAY, MARCH 1, 1999",18039,2:19
1999-03-01T00:00:00,6,0029800192,3,Final,19990301/LALPHX,1610612756,1610612747,1998,4, ,,Q4   - ,1,"MONDAY, MARCH 1, 1999",19023,2:20
1999-03-01T00:00:00,7,0029800193,3,Final,19990301/SEASAC,1610612758,1610612760,1998,4, ,,Q4   - ,1,"MONDAY, MARCH 1, 1999",16786,2:23
1999-03-02T00:00:00,1,0029800194,3,Final,19990302/MILNJN,1610612751,1610612749,1998,4, ,,Q4   - ,1,"TUESDAY, MARCH 2, 1999",15180,2:13
1999-03-02T00:00:00,2,0029800195,3,Final,19990302/NYKMIA,1610612748,1610612752,1998,5, ,,Q5   - ,1,"TUESDAY, MARCH 2, 1999",15200,2:44
1999-03-02T00:00:00,3,0029800196,3,Final,19990302/WASATL,1610612737,1610612764,1998,4, ,,Q4   - ,1,"TUESDAY, MARCH 2, 1999",8139,2:01
1999-03-02T00:00:00,4,0029800197,3,Final,19990302/BOSCLE,1610612739,1610612738,1998,4, ,,Q4   - ,1,"TUESDAY, MARCH 2, 1999",12906,2:23
1999-03-02T00:00:00,5,0029800198,3,Final,19990302/DENIND,1610612754,1610612743,1998,4, ,,Q4   - ,1,"TUESDAY, MARCH 2, 1999",14530,2:05
1999-03-02T00:00:00,6,0029800199,3,Final,19990302/DETCHI,1610612741,1610612765,1998,4, ,,Q4   - ,1,"TUESDAY, MARCH 2, 1999",22432,1:58
1999-03-02T00:00:00,7,0029800200,3,Final,19990302/GSWMIN,1610612750,1610612744,1998,4, ,,Q4   - ,1,"TUESDAY, MARCH 2, 1999",14776,2:15
1999-03-02T00:00:00,8,0029800201,3,Final,19990302/LACDAL,1610612742,1610612746,1998,4, ,,Q4   - ,1,"TUESDAY, MARCH 2, 1999",13492,2:11
1999-03-02T00:00:00,9,0029800202,3,Final,19990302/SASHOU,1610612745,1610612759,1998,4, ,,Q4   - ,1,"TUESDAY, MARCH 2, 1999",16285,1:58
1999-03-02T00:00:00,10,0029800203,3,Final,19990302/UTAPOR,1610612757,1610612762,1998,6, ,,Q6   - ,1,"TUESDAY, MARCH 2, 1999",19980,2:39
1999-03-02T00:00:00,11,0029800204,3,Final,19990302/SACVAN,1610612763,1610612758,1998,4, ,,Q4   - ,1,"TUESDAY, MARCH 2, 1999",13252,2:08
1999-03-03T00:00:00,1,0029800205,3,Final,19990303/CHIPHI,1610612755,1610612741,1998,4, ,,Q4   - ,1,"WEDNESDAY, MARCH 3, 1999",11510,2:11
1999-03-03T00:00:00,2,0029800206,3,Final,19990303/INDWAS,1610612764,1610612754,1998,4, ,,Q4   - ,1,"WEDNESDAY, MARCH 3, 1999",12912,2:06
1999-03-03T00:00:00,3,0029800207,3,Final,19990303/CHHORL,1610612753,1610612766,1998,4, ,,Q4   - ,1,"WEDNESDAY, MARCH 3, 1999",15421,2:09
1999-03-03T00:00:00,4,0029800208,3,Final,19990303/GSWMIL,1610612749,1610612744,1998,4, ,,Q4   - ,1,"WEDNESDAY, MARCH 3, 1999",12136,2:08
1999-03-03T00:00:00,5,0029800209,3,Final,19990303/VANUTA,1610612762,1610612763,1998,4, ,,Q4   - ,1,"WEDNESDAY, MARCH 3, 1999",18556,2:03
1999-03-03T00:00:00,6,0029800210,3,Final,19990303/PHXLAL,1610612747,1610612756,1998,4, ,,Q4   - ,1,"WEDNESDAY, MARCH 3, 1999",17505,2:23
1999-03-03T00:00:00,7,0029800211,3,Final,19990303/PORSAC,1610612758,1610612757,1998,5, ,,Q5   - ,1,"WEDNESDAY, MARCH 3, 1999",15160,2:21
1999-03-04T00:00:00,1,0029800212,3,Final,19990304/CHHNJN,1610612751,1610612766,1998,4, ,,Q4   - ,1,"THURSDAY, MARCH 4, 1999",14728,2:03
1999-03-04T00:00:00,2,0029800213,3,Final,19990304/DENMIA,1610612748,1610612743,1998,4, ,,Q4   - ,1,"THURSDAY, MARCH 4, 1999",14834,2:19
1999-03-04T00:00:00,3,0029800214,3,Final,19990304/TORATL,1610612737,1610612761,1998,4, ,,Q4   - ,1,"THURSDAY, MARCH 4, 1999",7877,2:04
1999-03-04T00:00:00,4,0029800215,3,Final,19990304/DETCLE,1610612739,1610612765,1998,4, ,,Q4   - ,1,"THURSDAY, MARCH 4, 1999",13248,2:03
1999-03-04T00:00:00,5,0029800216,3,Final,19990304/SASDAL,1610612742,1610612759,1998,4, ,,Q4   - ,1,"THURSDAY, MARCH 4, 1999",14719,2:01
1999-03-04T00:00:00,6,0029800217,3,Final,19990304/LACHOU,1610612745,1610612746,1998,4, ,,Q4   - ,1,"THURSDAY, MARCH 4, 1999",16285,1:58
1999-03-04T00:00:00,7,0029800218,3,Final,19990304/PHXSEA,1610612760,1610612756,1998,4, ,,Q4   - ,1,"THURSDAY, MARCH 4, 1999",17072,2:11
1999-03-04T00:00:00,8,0029800219,3,Final,19990304/MINVAN,1610612763,1610612750,1998,4, ,,Q4   - ,1,"THURSDAY, MARCH 4, 1999",13329,2:15
1999-03-05T00:00:00,1,0029800220,3,Final,19990305/DENBOS,1610612738,1610612743,1998,4, ,,Q4   - ,1,"FRIDAY, MARCH 5, 1999",18624,2:11
1999-03-05T00:00:00,2,0029800221,3,Final,19990305/MIAPHI,1610612755,1610612748,1998,4, ,,Q4   - ,1,"FRIDAY, MARCH 5, 1999",19949,2:23
1999-03-05T00:00:00,3,0029800222,3,Final,19990305/CHHWAS,1610612764,1610612766,1998,4, ,,Q4   - ,1,"FRIDAY, MARCH 5, 1999",15703,2:17
1999-03-05T00:00:00,4,0029800223,3,Final,19990305/ORLTOR,1610612761,1610612753,1998,4, ,,Q4   - ,1,"FRIDAY, MARCH 5, 1999",15601,2:20
1999-03-05T00:00:00,5,0029800224,3,Final,19990305/GSWIND,1610612754,1610612744,1998,4, ,,Q4   - ,1,"FRIDAY, MARCH 5, 1999",16184,1:57
1999-03-05T00:00:00,6,0029800225,3,Final,19990305/NYKMIL,1610612749,1610612752,1998,4, ,,Q4   - ,1,"FRIDAY, MARCH 5, 1999",16843,2:11
1999-03-05T00:00:00,7,0029800226,3,Final,19990305/DALUTA,1610612762,1610612742,1998,4, ,,Q4   - ,1,"FRIDAY, MARCH 5, 1999",19539,2:22
1999-03-05T00:00:00,8,0029800227,3,Final,19990305/SEALAL,1610612747,1610612760,1998,4, ,,Q4   - ,1,"FRIDAY, MARCH 5, 1999",17505,2:08
1999-03-05T00:00:00,9,0029800228,3,Final,19990305/MINPOR,1610612757,1610612750,1998,4, ,,Q4   - ,1,"FRIDAY, MARCH 5, 1999",19264,2:15
1999-03-06T00:00:00,1,0029800229,3,Final,19990306/DETORL,1610612753,1610612765,1998,4, ,,Q4   - ,1,"SATURDAY, MARCH 6, 1999",17248,2:14
1999-03-06T00:00:00,2,0029800230,3,Final,19990306/GSWCLE,1610612739,1610612744,1998,4, ,,Q4   - ,1,"SATURDAY, MARCH 6, 1999",12894,2:17
1999-03-06T00:00:00,3,0029800231,3,Final,19990306/LACSAS,1610612759,1610612746,1998,4, ,,Q4   - ,1,"SATURDAY, MARCH 6, 1999",18394,2:02
1999-03-06T00:00:00,4,0029800232,3,Final,19990306/SACPHX,1610612756,1610612758,1998,4, ,,Q4   - ,1,"SATURDAY, MARCH 6, 1999",19023,2:01
1999-03-06T00:00:00,5,0029800233,3,Final,19990306/HOUVAN,1610612763,1610612745,1998,4, ,,Q4   - ,1,"SATURDAY, MARCH 6, 1999",19193,2:11
1999-03-07T00:00:00,1,0029800234,3,Final,19990307/NJNNYK,1610612752,1610612751,1998,4, ,,Q4   - ,1,"SUNDAY, MARCH 7, 1999",19763,2:14
1999-03-07T00:00:00,2,0029800235,3,Final,19990307/WASPHI,1610612755,1610612764,1998,5, ,,Q5   - ,1,"SUNDAY, MARCH 7, 1999",16797,2:51
1999-03-07T00:00:00,3,0029800236,3,Final,19990307/BOSTOR,1610612761,1610612738,1998,4, ,,Q4   - ,1,"SUNDAY, MARCH 7, 1999",16635,2:15
1999-03-07T00:00:00,4,0029800237,3,Final,19990307/MIAIND,1610612754,1610612748,1998,4, ,,Q4   - ,1,"SUNDAY, MARCH 7, 1999",16703,2:12
1999-03-07T00:00:00,5,0029800238,3,Final,19990307/SASDEN,1610612743,1610612759,1998,4, ,,Q4   - ,1,"SUNDAY, MARCH 7, 1999",12037,2:01
1999-03-07T00:00:00,6,0029800239,3,Final,19990307/LALUTA,1610612762,1610612747,1998,4, ,,Q4   - ,1,"SUNDAY, MARCH 7, 1999",19911,2:38
1999-03-07T00:00:00,7,0029800240,3,Final,19990307/DALSAC,1610612758,1610612742,1998,4, ,,Q4   - ,1,"SUNDAY, MARCH 7, 1999",14715,2:11
1999-03-07T00:00:00,8,0029800241,3,Final,19990307/HOUPOR,1610612757,1610612745,1998,4, ,,Q4   - ,1,"SUNDAY, MARCH 7, 1999",20062,2:07
1999-03-07T00:00:00,9,0029800242,3,Final,19990307/MINSEA,1610612760,1610612750,1998,4, ,,Q4   - ,1,"SUNDAY, MARCH 7, 1999",17072,2:04
1999-03-08T00:00:00,1,0029800243,3,Final,19990308/ATLORL,1610612753,1610612737,1998,4, ,,Q4   - ,1,"MONDAY, MARCH 8, 1999",15637,2:20
1999-03-08T00:00:00,2,0029800244,3,Final,19990308/PHIMIA,1610612748,1610612755,1998,4, ,,Q4   - ,1,"MONDAY, MARCH 8, 1999",15200,2:32
1999-03-08T00:00:00,3,0029800245,3,Final,19990308/WASDET,1610612765,1610612764,1998,4, ,,Q4   - ,1,"MONDAY, MARCH 8, 1999",15022,2:17
1999-03-08T00:00:00,4,0029800246,3,Final,19990308/CHIMIL,1610612749,1610612741,1998,4, ,,Q4   - ,1,"MONDAY, MARCH 8, 1999",12085,2:03
1999-03-08T00:00:00,5,0029800247,3,Final,19990308/PORVAN,1610612763,1610612757,1998,4, ,,Q4   - ,1,"MONDAY, MARCH 8, 1999",13552,2:06
1999-03-09T00:00:00,1,0029800248,3,Final,19990309/MILNYK,1610612752,1610612749,1998,4, ,,Q4   - ,1,"TUESDAY, MARCH 9, 1999",19763,2:12
1999-03-09T00:00:00,2,0029800249,3,Final,19990309/BOSCHH,1610612766,1610612738,1998,4, ,,Q4   - ,1,"TUESDAY, MARCH 9, 1999",18342,2:11
1999-03-09T00:00:00,3,0029800250,3,Final,19990309/NJNCHI,1610612741,1610612751,1998,4, ,,Q4   - ,1,"TUESDAY, MARCH 9, 1999",22207,2:13
1999-03-09T00:00:00,4,0029800251,3,Final,19990309/SEAMIN,1610612750,1610612760,1998,4, ,,Q4   - ,1,"TUESDAY, MARCH 9, 1999",17237,2:14
1999-03-09T00:00:00,5,0029800252,3,Final,19990309/PHXDAL,1610612742,1610612756,1998,4, ,,Q4   - ,1,"TUESDAY, MARCH 9, 1999",12714,1:58
1999-03-09T00:00:00,6,0029800253,3,Final,19990309/DENHOU,1610612745,1610612743,1998,4, ,,Q4   - ,1,"TUESDAY, MARCH 9, 1999",16285,2:07
1999-03-09T00:00:00,7,0029800254,3,Final,19990309/CLEUTA,1610612762,1610612739,1998,4, ,,Q4   - ,1,"TUESDAY, MARCH 9, 1999",18753,2:23
1999-03-09T00:00:00,8,0029800255,3,Final,19990309/LALLAC,1610612746,1610612747,1998,4, ,,Q4   - ,1,"TUESDAY, MARCH 9, 1999",13380,2:27
1999-03-09T00:00:00,9,0029800256,3,Final,19990309/VANGSW,1610612744,1610612763,1998,4, ,,Q4   - ,1,"TUESDAY, MARCH 9, 1999",10043,2:10
1999-03-09T00:00:00,10,0029800257,3,Final,19990309/SACPOR,1610612757,1610612758,1998,4, ,,Q4   - ,1,"TUESDAY, MARCH 9, 1999",18147,2:10
1999-03-10T00:00:00,1,0029800258,3,Final,19990310/CHHPHI,1610612755,1610612766,1998,4, ,,Q4   - ,1,"WEDNESDAY, MARCH 10, 1999",14590,2:04
1999-03-10T00:00:00,2,0029800259,3,Final,19990310/DETWAS,1610612764,1610612765,1998,4, ,,Q4   - ,1,"WEDNESDAY, MARCH 10, 1999",16316,2:04
1999-03-10T00:00:00,3,0029800260,3,Final,19990310/ATLMIA,1610612748,1610612737,1998,4, ,,Q4   - ,1,"WEDNESDAY, MARCH 10, 1999",15200,2:04
1999-03-10T00:00:00,4,0029800261,3,Final,19990310/NJNIND,1610612754,1610612751,1998,4, ,,Q4   - ,1,"WEDNESDAY, MARCH 10, 1999",14925,2:14
1999-03-10T00:00:00,5,0029800262,3,Final,19990310/SEAMIL,1610612749,1610612760,1998,4, ,,Q4   - ,1,"WEDNESDAY, MARCH 10, 1999",15692,2:11
1999-03-10T00:00:00,6,0029800263,3,Final,19990310/ORLSAS,1610612759,1610612753,1998,4, ,,Q4   - ,1,"WEDNESDAY, MARCH 10, 1999",17954,2:10
1999-03-10T00:00:00,7,0029800264,3,Final,19990310/CLEPHX,1610612756,1610612739,1998,4, ,,Q4   - ,1,"WEDNESDAY, MARCH 10, 1999",18567,2:06
1999-03-10T00:00:00,8,0029800265,3,Final,19990310/LACLAL,1610612747,1610612746,1998,4, ,,Q4   - ,1,"WEDNESDAY, MARCH 10, 1999",17505,2:18
1999-03-11T00:00:00,1,0029800266,3,Final,19990311/WASNYK,1610612752,1610612764,1998,4, ,,Q4   - ,1,"THURSDAY, MARCH 11, 1999",19763,2:15
1999-03-11T00:00:00,2,0029800267,3,Final,19990311/TORMIA,1610612748,1610612761,1998,4, ,,Q4   - ,1,"THURSDAY, MARCH 11, 1999",14911,2:10
1999-03-11T00:00:00,3,0029800268,3,Final,19990311/BOSATL,1610612737,1610612738,1998,4, ,,Q4   - ,1,"THURSDAY, MARCH 11, 1999",8518,2:07
1999-03-11T00:00:00,4,0029800269,3,Final,19990311/SEACHI,1610612741,1610612760,1998,4, ,,Q4   - ,1,"THURSDAY, MARCH 11, 1999",22391,2:26
1999-03-11T00:00:00,5,0029800270,3,Final,19990311/ORLDAL,1610612742,1610612753,1998,4, ,,Q4   - ,1,"THURSDAY, MARCH 11, 1999",14553,1:58
1999-03-11T00:00:00,6,0029800271,3,Final,19990311/VANHOU,1610612745,1610612763,1998,4, ,,Q4   - ,1,"THURSDAY, MARCH 11, 1999",16285,2:13
1999-03-11T00:00:00,7,0029800272,3,Final,19990311/DENUTA,1610612762,1610612743,1998,4, ,,Q4   - ,1,"THURSDAY, MARCH 11, 1999",19911,2:10
1999-03-11T00:00:00,8,0029800273,3,Final,19990311/SACLAC,1610612746,1610612758,1998,4, ,,Q4   - ,1,"THURSDAY, MARCH 11, 1999",7884,2:08
1999-03-11T00:00:00,9,0029800274,3,Final,19990311/MINGSW,1610612744,1610612750,1998,4, ,,Q4   - ,1,"THURSDAY, MARCH 11, 1999",11150,2:24
1999-03-12T00:00:00,1,0029800275,3,Final,19990312/NJNPHI,1610612755,1610612751,1998,5, ,,Q5   - ,1,"FRIDAY, MARCH 12, 1999",19818,2:42
1999-03-12T00:00:00,2,0029800276,3,Final,19990312/CHHWAS,1610612764,1610612766,1998,4, ,,Q4   - ,1,"FRIDAY, MARCH 12, 1999",16343,2:13
1999-03-12T00:00:00,3,0029800277,3,Final,19990312/BOSDET,1610612765,1610612738,1998,4, ,,Q4   - ,1,"FRIDAY, MARCH 12, 1999",19644,2:06
1999-03-12T00:00:00,4,0029800278,3,Final,19990312/MILIND,1610612754,1610612749,1998,4, ,,Q4   - ,1,"FRIDAY, MARCH 12, 1999",16580,2:09
1999-03-12T00:00:00,5,0029800279,3,Final,19990312/NYKCHI,1610612741,1610612752,1998,4, ,,Q4   - ,1,"FRIDAY, MARCH 12, 1999",23079,2:16
1999-03-12T00:00:00,6,0029800280,3,Final,19990312/SASPHX,1610612756,1610612759,1998,4, ,,Q4   - ,1,"FRIDAY, MARCH 12, 1999",19023,2:08
1999-03-12T00:00:00,7,0029800281,3,Final,19990312/GSWLAL,1610612747,1610612744,1998,4, ,,Q4   - ,1,"FRIDAY, MARCH 12, 1999",17505,2:14
1999-03-12T00:00:00,8,0029800282,3,Final,19990312/MINSAC,1610612758,1610612750,1998,4, ,,Q4   - ,1,"FRIDAY, MARCH 12, 1999",17317,2:15
1999-03-12T00:00:00,9,0029800283,3,Final,19990312/UTAPOR,1610612757,1610612762,1998,4, ,,Q4   - ,1,"FRIDAY, MARCH 12, 1999",20668,2:02
1999-03-13T00:00:00,1,0029800284,3,Final,19990313/TORATL,1610612737,1610612761,1998,4, ,,Q4   - ,1,"SATURDAY, MARCH 13, 1999",8456,2:25
1999-03-13T00:00:00,2,0029800285,3,Final,19990313/VANDAL,1610612742,1610612763,1998,4, ,,Q4   - ,1,"SATURDAY, MARCH 13, 1999",14184,2:15
1999-03-13T00:00:00,3,0029800286,3,Final,19990313/CLEHOU,1610612745,1610612739,1998,4, ,,Q4   - ,1,"SATURDAY, MARCH 13, 1999",16285,2:03
1999-03-13T00:00:00,4,0029800287,3,Final,19990313/DENSAS,1610612759,1610612743,1998,4, ,,Q4   - ,1,"SATURDAY, MARCH 13, 1999",32982,2:08
1999-03-13T00:00:00,5,0029800288,3,Final,19990313/MINUTA,1610612762,1610612750,1998,4, ,,Q4   - ,1,"SATURDAY, MARCH 13, 1999",19911,2:04
1999-03-13T00:00:00,6,0029800289,3,Final,19990313/PORLAC,1610612746,1610612757,1998,5, ,,Q5   - ,1,"SATURDAY, MARCH 13, 1999",9484,2:37
1999-03-13T00:00:00,7,0029800290,3,Final,19990313/ORLGSW,1610612744,1610612753,1998,4, ,,Q4   - ,1,"SATURDAY, MARCH 13, 1999",14177,2:08
1999-03-14T00:00:00,1,0029800291,3,Final,19990314/CHHNYK,1610612752,1610612766,1998,4, ,,Q4   - ,1,"SUNDAY, MARCH 14, 1999",19763,2:22
1999-03-14T00:00:00,2,0029800292,3,Final,19990314/MILWAS,1610612764,1610612749,1998,4, ,,Q4   - ,1,"SUNDAY, MARCH 14, 1999",14353,1:58
1999-03-14T00:00:00,3,0029800293,3,Final,19990314/NJNMIA,1610612748,1610612751,1998,4, ,,Q4   - ,1,"SUNDAY, MARCH 14, 1999",15036,2:16
1999-03-14T00:00:00,4,0029800294,3,Final,19990314/ATLDET,1610612765,1610612737,1998,4, ,,Q4   - ,1,"SUNDAY, MARCH 14, 1999",14834,2:09
1999-03-14T00:00:00,5,0029800295,3,Final,19990314/BOSIND,1610612754,1610612738,1998,4, ,,Q4   - ,1,"SUNDAY, MARCH 14, 1999",16664,2:23
1999-03-14T00:00:00,6,0029800296,3,Final,19990314/HOUPHX,1610612756,1610612745,1998,4, ,,Q4   - ,1,"SUNDAY, MARCH 14, 1999",19023,2:07
1999-03-14T00:00:00,7,0029800297,3,Final,19990314/LALSAC,1610612758,1610612747,1998,4, ,,Q4   - ,1,"SUNDAY, MARCH 14, 1999",17317,2:12
1999-03-14T00:00:00,8,0029800298,3,Final,19990314/LACSEA,1610612760,1610612746,1998,4, ,,Q4   - ,1,"SUNDAY, MARCH 14, 1999",17072,2:04
1999-03-15T00:00:00,1,0029800299,3,Final,19990315/PHIORL,1610612753,1610612755,1998,4, ,,Q4   - ,1,"MONDAY, MARCH 15, 1999",16555,2:16
1999-03-15T00:00:00,2,0029800300,3,Final,19990315/CHHTOR,1610612761,1610612766,1998,4, ,,Q4   - ,1,"MONDAY, MARCH 15, 1999",15329,2:30
1999-03-15T00:00:00,3,0029800301,3,Final,19990315/CLECHI,1610612741,1610612739,1998,5, ,,Q5   - ,1,"MONDAY, MARCH 15, 1999",22456,2:35
1999-03-15T00:00:00,4,0029800302,3,Final,19990315/NYKMIL,1610612749,1610612752,1998,4, ,,Q4   - ,1,"MONDAY, MARCH 15, 1999",14738,2:23
1999-03-15T00:00:00,5,0029800303,3,Final,19990315/UTAMIN,1610612750,1610612762,1998,4, ,,Q4   - ,1,"MONDAY, MARCH 15, 1999",18447,2:16
1999-03-15T00:00:00,6,0029800304,3,Final,19990315/PORDAL,1610612742,1610612757,1998,4, ,,Q4   - ,1,"MONDAY, MARCH 15, 1999",14046,2:04
1999-03-15T00:00:00,7,0029800305,3,Final,19990315/VANDEN,1610612743,1610612763,1998,4, ,,Q4   - ,1,"MONDAY, MARCH 15, 1999",8251,2:02
1999-03-15T00:00:00,8,0029800306,3,Final,19990315/SACGSW,1610612744,1610612758,1998,4, ,,Q4   - ,1,"MONDAY, MARCH 15, 1999",15084,2:09
1999-03-16T00:00:00,1,0029800307,3,Final,19990316/LACNYK,1610612752,1610612746,1998,4, ,,Q4   - ,1,"TUESDAY, MARCH 16, 1999",19763,2:18
1999-03-16T00:00:00,2,0029800308,3,Final,19990316/WASMIA,1610612748,1610612764,1998,4, ,,Q4   - ,1,"TUESDAY, MARCH 16, 1999",15200,2:22
1999-03-16T00:00:00,3,0029800309,3,Final,19990316/NJNTOR,1610612761,1610612751,1998,4, ,,Q4   - ,1,"TUESDAY, MARCH 16, 1999",15731,2:12
1999-03-16T00:00:00,4,0029800310,3,Final,19990316/DETCLE,1610612739,1610612765,1998,4, ,,Q4   - ,1,"TUESDAY, MARCH 16, 1999",12928,2:18
1999-03-16T00:00:00,5,0029800311,3,Final,19990316/ATLIND,1610612754,1610612737,1998,4, ,,Q4   - ,1,"TUESDAY, MARCH 16, 1999",15848,2:10
1999-03-16T00:00:00,6,0029800312,3,Final,19990316/PHXMIL,1610612749,1610612756,1998,4, ,,Q4   - ,1,"TUESDAY, MARCH 16, 1999",13316,2:05
1999-03-16T00:00:00,7,0029800313,3,Final,19990316/LALMIN,1610612750,1610612747,1998,4, ,,Q4   - ,1,"TUESDAY, MARCH 16, 1999",19006,2:19
1999-03-16T00:00:00,8,0029800314,3,Final,19990316/PORHOU,1610612745,1610612757,1998,4, ,,Q4   - ,1,"TUESDAY, MARCH 16, 1999",16285,2:37
1999-03-16T00:00:00,9,0029800315,3,Final,19990316/SASSAC,1610612758,1610612759,1998,4, ,,Q4   - ,1,"TUESDAY, MARCH 16, 1999",14570,2:31
1999-03-16T00:00:00,10,0029800316,3,Final,19990316/VANSEA,1610612760,1610612763,1998,4, ,,Q4   - ,1,"TUESDAY, MARCH 16, 1999",17072,2:19
1999-03-17T00:00:00,1,0029800317,3,Final,19990317/LACBOS,1610612738,1610612746,1998,4, ,,Q4   - ,1,"WEDNESDAY, MARCH 17, 1999",18263,2:00
1999-03-17T00:00:00,2,0029800318,3,Final,19990317/DALNJN,1610612751,1610612742,1998,4, ,,Q4   - ,1,"WEDNESDAY, MARCH 17, 1999",14976,2:18
1999-03-17T00:00:00,3,0029800319,3,Final,19990317/INDPHI,1610612755,1610612754,1998,4, ,,Q4   - ,1,"WEDNESDAY, MARCH 17, 1999",16588,2:15
1999-03-17T00:00:00,4,0029800320,3,Final,19990317/CHIORL,1610612753,1610612741,1998,4, ,,Q4   - ,1,"WEDNESDAY, MARCH 17, 1999",15823,2:05
1999-03-17T00:00:00,5,0029800321,3,Final,19990317/PHXCHH,1610612766,1610612756,1998,4, ,,Q4   - ,1,"WEDNESDAY, MARCH 17, 1999",17837,2:09
1999-03-17T00:00:00,6,0029800322,3,Final,19990317/MIAATL,1610612737,1610612748,1998,4, ,,Q4   - ,1,"WEDNESDAY, MARCH 17, 1999",16117,2:10
1999-03-17T00:00:00,7,0029800323,3,Final,19990317/TORDET,1610612765,1610612761,1998,4, ,,Q4   - ,1,"WEDNESDAY, MARCH 17, 1999",14981,2:27
1999-03-17T00:00:00,8,0029800324,3,Final,19990317/HOUDEN,1610612743,1610612745,1998,4, ,,Q4   - ,1,"WEDNESDAY, MARCH 17, 1999",14217,2:14
1999-03-17T00:00:00,9,0029800325,3,Final,19990317/SASGSW,1610612744,1610612759,1998,4, ,,Q4   - ,1,"WEDNESDAY, MARCH 17, 1999",10257,2:14
1999-03-18T00:00:00,1,0029800326,3,Final,19990318/ORLNYK,1610612752,1610612753,1998,4, ,,Q4   - ,1,"THURSDAY, MARCH 18, 1999",19763,2:15
1999-03-18T00:00:00,2,0029800327,3,Final,19990318/UTAWAS,1610612764,1610612762,1998,4, ,,Q4   - ,1,"THURSDAY, MARCH 18, 1999",16121,2:12
1999-03-18T00:00:00,3,0029800328,3,Final,19990318/LALCLE,1610612739,1610612747,1998,4, ,,Q4   - ,1,"THURSDAY, MARCH 18, 1999",20562,2:17
1999-03-18T00:00:00,4,0029800329,3,Final,19990318/NJNCHI,1610612741,1610612751,1998,4, ,,Q4   - ,1,"THURSDAY, MARCH 18, 1999",22211,2:08
1999-03-18T00:00:00,5,0029800330,3,Final,19990318/BOSMIL,1610612749,1610612738,1998,4, ,,Q4   - ,1,"THURSDAY, MARCH 18, 1999",13724,2:03
1999-03-18T00:00:00,6,0029800331,3,Final,19990318/PORSAC,1610612758,1610612757,1998,4, ,,Q4   - ,1,"THURSDAY, MARCH 18, 1999",14397,2:04
1999-03-18T00:00:00,7,0029800332,3,Final,19990318/MINVAN,1610612763,1610612750,1998,4, ,,Q4   - ,1,"THURSDAY, MARCH 18, 1999",17466,2:33
1999-03-19T00:00:00,1,0029800333,3,Final,19990319/LALPHI,1610612755,1610612747,1998,4, ,,Q4   - ,1,"FRIDAY, MARCH 19, 1999",20644,2:24
1999-03-19T00:00:00,2,0029800334,3,Final,19990319/UTACHH,1610612766,1610612762,1998,5, ,,Q5   - ,1,"FRIDAY, MARCH 19, 1999",22989,2:25
1999-03-19T00:00:00,3,0029800335,3,Final,19990319/PHXATL,1610612737,1610612756,1998,4, ,,Q4   - ,1,"FRIDAY, MARCH 19, 1999",17190,2:16
1999-03-19T00:00:00,4,0029800336,3,Final,19990319/LACTOR,1610612761,1610612746,1998,4, ,,Q4   - ,1,"FRIDAY, MARCH 19, 1999",18839,2:09
1999-03-19T00:00:00,5,0029800337,3,Final,19990319/DALDET,1610612765,1610612742,1998,4, ,,Q4   - ,1,"FRIDAY, MARCH 19, 1999",18152,2:07
1999-03-19T00:00:00,6,0029800338,3,Final,19990319/CHIIND,1610612754,1610612741,1998,4, ,,Q4   - ,1,"FRIDAY, MARCH 19, 1999",16570,2:12
1999-03-19T00:00:00,7,0029800339,3,Final,19990319/MINDEN,1610612743,1610612750,1998,4, ,,Q4   - ,1,"FRIDAY, MARCH 19, 1999",14219,2:20
1999-03-19T00:00:00,8,0029800340,3,Final,19990319/SEAGSW,1610612744,1610612760,1998,4, ,,Q4   - ,1,"FRIDAY, MARCH 19, 1999",15253,2:11
1999-03-19T00:00:00,9,0029800341,3,Final,19990319/SASPOR,1610612757,1610612759,1998,4, ,,Q4   - ,1,"FRIDAY, MARCH 19, 1999",20041,2:21
1999-03-20T00:00:00,1,0029800342,3,Final,19990320/BOSNYK,1610612752,1610612738,1998,4, ,,Q4   - ,1,"SATURDAY, MARCH 20, 1999",19763,2:07
1999-03-20T00:00:00,2,0029800343,3,Final,19990320/CLEWAS,1610612764,1610612739,1998,4, ,,Q4   - ,1,"SATURDAY, MARCH 20, 1999",19209,2:08
1999-03-20T00:00:00,3,0029800344,3,Final,19990320/INDMIA,1610612748,1610612754,1998,4, ,,Q4   - ,1,"SATURDAY, MARCH 20, 1999",15200,2:06
1999-03-20T00:00:00,4,0029800345,3,Final,19990320/MILATL,1610612737,1610612749,1998,4, ,,Q4   - ,1,"SATURDAY, MARCH 20, 1999",12225,2:10
1999-03-20T00:00:00,5,0029800346,3,Final,19990320/SACDAL,1610612742,1610612758,1998,4, ,,Q4   - ,1,"SATURDAY, MARCH 20, 1999",16161,2:01
1999-03-20T00:00:00,6,0029800347,3,Final,19990320/PHXHOU,1610612745,1610612756,1998,5, ,,Q5   - ,1,"SATURDAY, MARCH 20, 1999",16285,2:32
1999-03-20T00:00:00,7,0029800348,3,Final,19990320/SASVAN,1610612763,1610612759,1998,5, ,,Q5   - ,1,"SATURDAY, MARCH 20, 1999",19193,2:32
1999-03-21T00:00:00,1,0029800349,3,Final,19990321/CHIBOS,1610612738,1610612741,1998,5, ,,Q5   - ,1,"SUNDAY, MARCH 21, 1999",18624,2:43
1999-03-21T00:00:00,2,0029800350,3,Final,19990321/LALORL,1610612753,1610612747,1998,4, ,,Q4   - ,1,"SUNDAY, MARCH 21, 1999",17248,2:18
1999-03-21T00:00:00,3,0029800351,3,Final,19990321/NYKTOR,1610612761,1610612752,1998,5, ,,Q5   - ,1,"SUNDAY, MARCH 21, 1999",19266,2:46
1999-03-21T00:00:00,4,0029800352,3,Final,19990321/NJNCLE,1610612739,1610612751,1998,4, ,,Q4   - ,1,"SUNDAY, MARCH 21, 1999",13806,1:59
1999-03-21T00:00:00,5,0029800353,3,Final,19990321/UTADET,1610612765,1610612762,1998,5, ,,Q5   - ,1,"SUNDAY, MARCH 21, 1999",19098,2:46
1999-03-21T00:00:00,6,0029800354,3,Final,19990321/CHHMIL,1610612749,1610612766,1998,4, ,,Q4   - ,1,"SUNDAY, MARCH 21, 1999",13974,2:10
1999-03-21T00:00:00,7,0029800355,3,Final,19990321/LACMIN,1610612750,1610612746,1998,4, ,,Q4   - ,1,"SUNDAY, MARCH 21, 1999",15371,2:03
1999-03-21T00:00:00,8,0029800356,3,Final,19990321/SEADEN,1610612743,1610612760,1998,4, ,,Q4   - ,1,"SUNDAY, MARCH 21, 1999",10221,2:16
1999-03-21T00:00:00,9,0029800357,3,Final,19990321/PHIPOR,1610612757,1610612755,1998,4, ,,Q4   - ,1,"SUNDAY, MARCH 21, 1999",19980,2:12
1999-03-22T00:00:00,1,0029800358,3,Final,19990322/ATLNYK,1610612752,1610612737,1998,4, ,,Q4   - ,1,"MONDAY, MARCH 22, 1999",19763,2:19
1999-03-22T00:00:00,2,0029800359,3,Final,19990322/TORNJN,1610612751,1610612761,1998,4, ,,Q4   - ,1,"MONDAY, MARCH 22, 1999",14697,2:02
1999-03-22T00:00:00,3,0029800360,3,Final,19990322/WASIND,1610612754,1610612764,1998,4, ,,Q4   - ,1,"MONDAY, MARCH 22, 1999",15386,2:15
1999-03-22T00:00:00,4,0029800361,3,Final,19990322/DETMIL,1610612749,1610612765,1998,4, ,,Q4   - ,1,"MONDAY, MARCH 22, 1999",13187,2:14
1999-03-22T00:00:00,5,0029800362,3,Final,19990322/LALDAL,1610612742,1610612747,1998,4, ,,Q4   - ,1,"MONDAY, MARCH 22, 1999",18121,2:13
1999-03-22T00:00:00,6,0029800363,3,Final,19990322/SACHOU,1610612745,1610612758,1998,4, ,,Q4   - ,1,"MONDAY, MARCH 22, 1999",16285,2:18
1999-03-22T00:00:00,7,0029800364,3,Final,19990322/VANPHX,1610612756,1610612763,1998,4, ,,Q4   - ,1,"MONDAY, MARCH 22, 1999",18855,2:18
1999-03-22T00:00:00,8,0029800365,3,Final,19990322/PHISEA,1610612760,1610612755,1998,4, ,,Q4   - ,1,"MONDAY, MARCH 22, 1999",17072,2:16
1999-03-23T00:00:00,1,0029800366,3,Final,19990323/CHHORL,1610612753,1610612766,1998,4, ,,Q4   - ,1,"TUESDAY, MARCH 23, 1999",16405,2:11
1999-03-23T00:00:00,2,0029800367,3,Final,19990323/BOSCLE,1610612739,1610612738,1998,4, ,,Q4   - ,1,"TUESDAY, MARCH 23, 1999",15810,2:05
1999-03-23T00:00:00,3,0029800368,3,Final,19990323/TORCHI,1610612741,1610612761,1998,4, ,,Q4   - ,1,"TUESDAY, MARCH 23, 1999",22236,2:04
1999-03-23T00:00:00,4,0029800369,3,Final,19990323/DENSAS,1610612759,1610612743,1998,4, ,,Q4   - ,1,"TUESDAY, MARCH 23, 1999",16501,1:51
1999-03-23T00:00:00,5,0029800370,3,Final,19990323/MIAUTA,1610612762,1610612748,1998,4, ,,Q4   - ,1,"TUESDAY, MARCH 23, 1999",19911,2:14
1999-03-23T00:00:00,6,0029800371,3,Final,19990323/GSWPOR,1610612757,1610612744,1998,4, ,,Q4   - ,1,"TUESDAY, MARCH 23, 1999",18731,2:11
1999-03-24T00:00:00,1,0029800372,3,Final,19990324/MINBOS,1610612738,1610612750,1998,4, ,,Q4   - ,1,"WEDNESDAY, MARCH 24, 1999",18128,1:59
1999-03-24T00:00:00,2,0029800373,3,Final,19990324/DETNJN,1610612751,1610612765,1998,4, ,,Q4   - ,1,"WEDNESDAY, MARCH 24, 1999",16896,2:01
1999-03-24T00:00:00,3,0029800374,3,Final,19990324/CHICHH,1610612766,1610612741,1998,4, ,,Q4   - ,1,"WEDNESDAY, MARCH 24, 1999",17857,2:01
1999-03-24T00:00:00,4,0029800375,3,Final,19990324/INDATL,1610612737,1610612754,1998,4, ,,Q4   - ,1,"WEDNESDAY, MARCH 24, 1999",12612,2:15
1999-03-24T00:00:00,5,0029800376,3,Final,19990324/MIAMIL,1610612749,1610612748,1998,4, ,,Q4   - ,1,"WEDNESDAY, MARCH 24, 1999",17126,2:09
1999-03-24T00:00:00,6,0029800377,3,Final,19990324/HOUDAL,1610612742,1610612745,1998,4, ,,Q4   - ,1,"WEDNESDAY, MARCH 24, 1999",15111,2:02
1999-03-24T00:00:00,7,0029800378,3,Final,19990324/GSWLAC,1610612746,1610612744,1998,4, ,,Q4   - ,1,"WEDNESDAY, MARCH 24, 1999",6180,2:07
1999-03-24T00:00:00,8,0029800379,3,Final,19990324/PHXLAL,1610612747,1610612756,1998,4, ,,Q4   - ,1,"WEDNESDAY, MARCH 24, 1999",17505,2:21
1999-03-24T00:00:00,9,0029800380,3,Final,19990324/NYKSAC,1610612758,1610612752,1998,4, ,,Q4   - ,1,"WEDNESDAY, MARCH 24, 1999",17023,2:13
1999-03-24T00:00:00,10,0029800381,3,Final,19990324/WASSEA,1610612760,1610612764,1998,4, ,,Q4   - ,1,"WEDNESDAY, MARCH 24, 1999",17072,2:34
1999-03-24T00:00:00,11,0029800382,3,Final,19990324/PHIVAN,1610612763,1610612755,1998,5, ,,Q5   - ,1,"WEDNESDAY, MARCH 24, 1999",16615,2:46
1999-03-25T00:00:00,1,0029800383,3,Final,19990325/CLEORL,1610612753,1610612739,1998,4, ,,Q4   - ,1,"THURSDAY, MARCH 25, 1999",15578,2:11
1999-03-25T00:00:00,2,0029800384,3,Final,19990325/TORHOU,1610612745,1610612761,1998,4, ,,Q4   - ,1,"THURSDAY, MARCH 25, 1999",16285,2:02
1999-03-25T00:00:00,3,0029800385,3,Final,19990325/SASDEN,1610612743,1610612759,1998,4, ,,Q4   - ,1,"THURSDAY, MARCH 25, 1999",10695,1:53
1999-03-25T00:00:00,4,0029800386,3,Final,19990325/PHXPOR,1610612757,1610612756,1998,4, ,,Q4   - ,1,"THURSDAY, MARCH 25, 1999",20328,2:08
1999-03-26T00:00:00,1,0029800387,3,Final,19990326/INDNJN,1610612751,1610612754,1998,4, ,,Q4   - ,1,"FRIDAY, MARCH 26, 1999",18732,2:05
1999-03-26T00:00:00,2,0029800388,3,Final,19990326/BOSPHI,1610612755,1610612738,1998,4, ,,Q4   - ,1,"FRIDAY, MARCH 26, 1999",20627,2:20
1999-03-26T00:00:00,3,0029800389,3,Final,19990326/ORLCHH,1610612766,1610612753,1998,4, ,,Q4   - ,1,"FRIDAY, MARCH 26, 1999",21698,2:08
1999-03-26T00:00:00,4,0029800390,3,Final,19990326/CHIATL,1610612737,1610612741,1998,4, ,,Q4   - ,1,"FRIDAY, MARCH 26, 1999",10878,2:18
1999-03-26T00:00:00,5,0029800391,3,Final,19990326/MILDET,1610612765,1610612749,1998,4, ,,Q4   - ,1,"FRIDAY, MARCH 26, 1999",18873,2:23
1999-03-26T00:00:00,6,0029800392,3,Final,19990326/MIAMIN,1610612750,1610612748,1998,4, ,,Q4   - ,1,"FRIDAY, MARCH 26, 1999",19006,2:24
1999-03-26T00:00:00,7,0029800393,3,Final,19990326/DENDAL,1610612742,1610612743,1998,4, ,,Q4   - ,1,"FRIDAY, MARCH 26, 1999",13096,1:57
1999-03-26T00:00:00,8,0029800394,3,Final,19990326/TORSAS,1610612759,1610612761,1998,4, ,,Q4   - ,1,"FRIDAY, MARCH 26, 1999",16290,2:23
1999-03-26T00:00:00,9,0029800395,3,Final,19990326/NYKPHX,1610612756,1610612752,1998,4, ,,Q4   - ,1,"FRIDAY, MARCH 26, 1999",19023,2:18
1999-03-26T00:00:00,10,0029800396,3,Final,19990326/SACLAL,1610612747,1610612758,1998,4, ,,Q4   - ,1,"FRIDAY, MARCH 26, 1999",17505,2:16
1999-03-26T00:00:00,11,0029800397,3,Final,19990326/WASGSW,1610612744,1610612764,1998,4, ,,Q4   - ,1,"FRIDAY, MARCH 26, 1999",12025,2:30
1999-03-26T00:00:00,12,0029800398,3,Final,19990326/LACSEA,1610612760,1610612746,1998,4, ,,Q4   - ,1,"FRIDAY, MARCH 26, 1999",17072,2:11
1999-03-26T00:00:00,13,0029800399,3,Final,19990326/UTAVAN,1610612763,1610612762,1998,4, ,,Q4   - ,1,"FRIDAY, MARCH 26, 1999",19193,2:10
1999-03-27T00:00:00,1,0029800400,3,Final,19990327/CLENJN,1610612751,1610612739,1998,4, ,,Q4   - ,1,"SATURDAY, MARCH 27, 1999",18541,2:17
1999-03-27T00:00:00,2,0029800401,3,Final,19990327/PHIATL,1610612737,1610612755,1998,5, ,,Q5   - ,1,"SATURDAY, MARCH 27, 1999",21823,2:46
1999-03-27T00:00:00,3,0029800402,3,Final,19990327/DALSAS,1610612759,1610612742,1998,4, ,,Q4   - ,1,"SATURDAY, MARCH 27, 1999",25921,2:01
1999-03-27T00:00:00,4,0029800403,3,Final,19990327/WASDEN,1610612743,1610612764,1998,4, ,,Q4   - ,1,"SATURDAY, MARCH 27, 1999",10987,2:10
1999-03-27T00:00:00,5,0029800404,3,Final,19990327/UTALAC,1610612746,1610612762,1998,4, ,,Q4   - ,1,"SATURDAY, MARCH 27, 1999",14293,2:06
1999-03-27T00:00:00,6,0029800405,3,Final,19990327/HOUGSW,1610612744,1610612745,1998,4, ,,Q4   - ,1,"SATURDAY, MARCH 27, 1999",18256,2:20
1999-03-28T00:00:00,1,0029800406,3,Final,19990328/INDBOS,1610612738,1610612754,1998,4, ,,Q4   - ,1,"SUNDAY, MARCH 28, 1999",18624,2:17
1999-03-28T00:00:00,2,0029800407,3,Final,19990328/MIAORL,1610612753,1610612748,1998,4, ,,Q4   - ,1,"SUNDAY, MARCH 28, 1999",17248,2:29
1999-03-28T00:00:00,3,0029800408,3,Final,19990328/CLECHH,1610612766,1610612739,1998,4, ,,Q4   - ,1,"SUNDAY, MARCH 28, 1999",18490,2:09
1999-03-28T00:00:00,4,0029800409,3,Final,19990328/CHITOR,1610612761,1610612741,1998,4, ,,Q4   - ,1,"SUNDAY, MARCH 28, 1999",18461,2:07
1999-03-28T00:00:00,5,0029800410,3,Final,19990328/SEADET,1610612765,1610612760,1998,4, ,,Q4   - ,1,"SUNDAY, MARCH 28, 1999",16626,2:07
1999-03-28T00:00:00,6,0029800411,3,Final,19990328/MILMIN,1610612750,1610612749,1998,4, ,,Q4   - ,1,"SUNDAY, MARCH 28, 1999",18449,2:10
1999-03-28T00:00:00,7,0029800412,3,Final,19990328/PORPHX,1610612756,1610612757,1998,4, ,,Q4   - ,1,"SUNDAY, MARCH 28, 1999",19023,2:10
1999-03-28T00:00:00,8,0029800413,3,Final,19990328/NYKLAL,1610612747,1610612752,1998,4, ,,Q4   - ,1,"SUNDAY, MARCH 28, 1999",17505,2:32
1999-03-28T00:00:00,9,0029800414,3,Final,19990328/HOUSAC,1610612758,1610612745,1998,4, ,,Q4   - ,1,"SUNDAY, MARCH 28, 1999",17317,2:11
1999-03-29T00:00:00,1,0029800415,3,Final,19990329/ATLIND,1610612754,1610612737,1998,4, ,,Q4   - ,1,"MONDAY, MARCH 29, 1999",16669,2:13
1999-03-29T00:00:00,2,0029800416,3,Final,19990329/SEADAL,1610612742,1610612760,1998,4, ,,Q4   - ,1,"MONDAY, MARCH 29, 1999",13311,2:03
1999-03-29T00:00:00,3,0029800417,3,Final,19990329/LACDEN,1610612743,1610612746,1998,4, ,,Q4   - ,1,"MONDAY, MARCH 29, 1999",7829,2:08
1999-03-29T00:00:00,4,0029800418,3,Final,19990329/VANLAL,1610612747,1610612763,1998,4, ,,Q4   - ,1,"MONDAY, MARCH 29, 1999",17312,2:12
1999-03-30T00:00:00,1,0029800419,3,Final,19990330/INDNYK,1610612752,1610612754,1998,4, ,,Q4   - ,1,"TUESDAY, MARCH 30, 1999",19763,2:22
1999-03-30T00:00:00,2,0029800420,3,Final,19990330/NJNORL,1610612753,1610612751,1998,4, ,,Q4   - ,1,"TUESDAY, MARCH 30, 1999",16226,2:15
1999-03-30T00:00:00,3,0029800421,3,Final,19990330/BOSCHH,1610612766,1610612738,1998,4, ,,Q4   - ,1,"TUESDAY, MARCH 30, 1999",18102,2:14
1999-03-30T00:00:00,4,0029800422,3,Final,19990330/DETATL,1610612737,1610612765,1998,4, ,,Q4   - ,1,"TUESDAY, MARCH 30, 1999",14764,2:09
1999-03-30T00:00:00,5,0029800423,3,Final,19990330/TORCLE,1610612739,1610612761,1998,4, ,,Q4   - ,1,"TUESDAY, MARCH 30, 1999",14209,2:13
1999-03-30T00:00:00,6,0029800424,3,Final,19990330/PHICHI,1610612741,1610612755,1998,4, ,,Q4   - ,1,"TUESDAY, MARCH 30, 1999",22209,2:07
1999-03-30T00:00:00,7,0029800425,3,Final,19990330/WASMIL,1610612749,1610612764,1998,4, ,,Q4   - ,1,"TUESDAY, MARCH 30, 1999",15196,2:06
1999-03-30T00:00:00,8,0029800426,3,Final,19990330/DALMIN,1610612750,1610612742,1998,4, ,,Q4   - ,1,"TUESDAY, MARCH 30, 1999",15609,2:05
1999-03-30T00:00:00,9,0029800427,3,Final,19990330/SEASAS,1610612759,1610612760,1998,4, ,,Q4   - ,1,"TUESDAY, MARCH 30, 1999",16565,2:10
1999-03-30T00:00:00,10,0029800428,3,Final,19990330/HOULAC,1610612746,1610612745,1998,4, ,,Q4   - ,1,"TUESDAY, MARCH 30, 1999",9188,2:06
1999-03-30T00:00:00,11,0029800429,3,Final,19990330/PORGSW,1610612744,1610612757,1998,4, ,,Q4   - ,1,"TUESDAY, MARCH 30, 1999",12670,2:19
1999-03-30T00:00:00,12,0029800430,3,Final,19990330/UTASAC,1610612758,1610612762,1998,5, ,,Q5   - ,1,"TUESDAY, MARCH 30, 1999",17317,2:21
1999-03-30T00:00:00,13,0029800431,3,Final,19990330/DENVAN,1610612763,1610612743,1998,4, ,,Q4   - ,1,"TUESDAY, MARCH 30, 1999",15018,2:11
1999-03-31T00:00:00,1,0029800432,3,Final,19990331/DETBOS,1610612738,1610612765,1998,4, ,,Q4   - ,1,"WEDNESDAY, MARCH 31, 1999",16915,1:59
1999-03-31T00:00:00,2,0029800433,3,Final,19990331/ORLWAS,1610612764,1610612753,1998,4, ,,Q4   - ,1,"WEDNESDAY, MARCH 31, 1999",20674,2:05
1999-03-31T00:00:00,3,0029800434,3,Final,19990331/MILCHH,1610612766,1610612749,1998,4, ,,Q4   - ,1,"WEDNESDAY, MARCH 31, 1999",17552,2:06
1999-03-31T00:00:00,4,0029800435,3,Final,19990331/GSWPHX,1610612756,1610612744,1998,4, ,,Q4   - ,1,"WEDNESDAY, MARCH 31, 1999",18674,2:06
1999-03-31T00:00:00,5,0029800436,3,Final,19990331/SACPOR,1610612757,1610612758,1998,4, ,,Q4   - ,1,"WEDNESDAY, MARCH 31, 1999",18468,2:03
1999-04-01T00:00:00,1,0029800437,3,Final,19990401/CLENYK,1610612752,1610612739,1998,4, ,,Q4   - ,1,"THURSDAY, APRIL 1, 1999",19763,2:28
1999-04-01T00:00:00,2,0029800438,3,Final,19990401/ATLNJN,1610612751,1610612737,1998,4, ,,Q4   - ,1,"THURSDAY, APRIL 1, 1999",14348,2:10
1999-04-01T00:00:00,3,0029800439,3,Final,19990401/PHIMIA,1610612748,1610612755,1998,4, ,,Q4   - ,1,"THURSDAY, APRIL 1, 1999",15200,2:22
1999-04-01T00:00:00,4,0029800440,3,Final,19990401/INDTOR,1610612761,1610612754,1998,4, ,,Q4   - ,1,"THURSDAY, APRIL 1, 1999",18666,1:59
1999-04-01T00:00:00,5,0029800441,3,Final,19990401/CHIDET,1610612765,1610612741,1998,4, ,,Q4   - ,1,"THURSDAY, APRIL 1, 1999",17583,2:02
1999-04-01T00:00:00,6,0029800442,3,Final,19990401/LACDAL,1610612742,1610612746,1998,4, ,,Q4   - ,1,"THURSDAY, APRIL 1, 1999",13336,1:59
1999-04-01T00:00:00,7,0029800443,3,Final,19990401/VANSAS,1610612759,1610612763,1998,4, ,,Q4   - ,1,"THURSDAY, APRIL 1, 1999",16384,2:00
1999-04-01T00:00:00,8,0029800444,3,Final,19990401/SEADEN,1610612743,1610612760,1998,4, ,,Q4   - ,1,"THURSDAY, APRIL 1, 1999",10701,2:22
1999-04-01T00:00:00,9,0029800445,3,Final,19990401/HOUUTA,1610612762,1610612745,1998,4, ,,Q4   - ,1,"THURSDAY, APRIL 1, 1999",19911,2:07
1999-04-02T00:00:00,1,0029800446,3,Final,19990402/MILBOS,1610612738,1610612749,1998,4, ,,Q4   - ,1,"FRIDAY, APRIL 2, 1999",18128,2:10
1999-04-02T00:00:00,2,0029800447,3,Final,19990402/CLEPHI,1610612755,1610612739,1998,4, ,,Q4   - ,1,"FRIDAY, APRIL 2, 1999",18126,2:24
1999-04-02T00:00:00,3,0029800448,3,Final,19990402/INDCHH,1610612766,1610612754,1998,4, ,,Q4   - ,1,"FRIDAY, APRIL 2, 1999",21649,2:16
1999-04-02T00:00:00,4,0029800449,3,Final,19990402/VANATL,1610612737,1610612763,1998,4, ,,Q4   - ,1,"FRIDAY, APRIL 2, 1999",8748,2:12
1999-04-02T00:00:00,5,0029800450,3,Final,19990402/ORLCHI,1610612741,1610612753,1998,4, ,,Q4   - ,1,"FRIDAY, APRIL 2, 1999",22517,1:60
1999-04-02T00:00:00,6,0029800451,3,Final,19990402/DENMIN,1610612750,1610612743,1998,4, ,,Q4   - ,1,"FRIDAY, APRIL 2, 1999",15979,1:52
1999-04-02T00:00:00,7,0029800452,3,Final,19990402/LALPHX,1610612756,1610612747,1998,4, ,,Q4   - ,1,"FRIDAY, APRIL 2, 1999",19023,2:18
1999-04-02T00:00:00,8,0029800453,3,Final,19990402/UTAGSW,1610612744,1610612762,1998,4, ,,Q4   - ,1,"FRIDAY, APRIL 2, 1999",18423,2:03
1999-04-02T00:00:00,9,0029800454,3,Final,19990402/SEAPOR,1610612757,1610612760,1998,4, ,,Q4   - ,1,"FRIDAY, APRIL 2, 1999",20341,2:14
1999-04-03T00:00:00,1,0029800455,3,Final,19990403/MIANJN,1610612751,1610612748,1998,4, ,,Q4   - ,1,"SATURDAY, APRIL 3, 1999",18114,2:13
1999-04-03T00:00:00,2,0029800456,3,Final,19990403/WASTOR,1610612761,1610612764,1998,4, ,,Q4   - ,1,"SATURDAY, APRIL 3, 1999",18929,2:32
1999-04-03T00:00:00,3,0029800457,3,Final,19990403/ORLDET,1610612765,1610612753,1998,4, ,,Q4   - ,1,"SATURDAY, APRIL 3, 1999",22076,2:07
1999-04-03T00:00:00,4,0029800458,3,Final,19990403/SACMIN,1610612750,1610612758,1998,4, ,,Q4   - ,1,"SATURDAY, APRIL 3, 1999",17011,2:04
1999-04-03T00:00:00,5,0029800459,3,Final,19990403/LACSAS,1610612759,1610612746,1998,4, ,,Q4   - ,1,"SATURDAY, APRIL 3, 1999",17915,2:10
1999-04-03T00:00:00,6,0029800460,3,Final,19990403/GSWLAL,1610612747,1610612744,1998,4, ,,Q4   - ,1,"SATURDAY, APRIL 3, 1999",17505,2:22
1999-04-03T00:00:00,7,0029800461,3,Final,19990403/PHXPOR,1610612757,1610612756,1998,4, ,,Q4   - ,1,"SATURDAY, APRIL 3, 1999",20056,2:26
1999-04-04T00:00:00,1,0029800462,3,Final,19990404/NJNBOS,1610612738,1610612751,1998,4, ,,Q4   - ,1,"SUNDAY, APRIL 4, 1999",16339,2:01
1999-04-04T00:00:00,2,0029800463,3,Final,19990404/MIAWAS,1610612764,1610612748,1998,4, ,,Q4   - ,1,"SUNDAY, APRIL 4, 1999",14951,2:19
1999-04-04T00:00:00,3,0029800464,3,Final,19990404/CHHATL,1610612737,1610612766,1998,4, ,,Q4   - ,1,"SUNDAY, APRIL 4, 1999",7149,2:07
1999-04-04T00:00:00,4,0029800465,3,Final,19990404/PHITOR,1610612761,1610612755,1998,4, ,,Q4   - ,1,"SUNDAY, APRIL 4, 1999",18462,2:05
1999-04-04T00:00:00,5,0029800466,3,Final,19990404/MILCLE,1610612739,1610612749,1998,4, ,,Q4   - ,1,"SUNDAY, APRIL 4, 1999",12041,2:03
1999-04-04T00:00:00,6,0029800467,3,Final,19990404/NYKIND,1610612754,1610612752,1998,4, ,,Q4   - ,1,"SUNDAY, APRIL 4, 1999",16731,2:20
1999-04-04T00:00:00,7,0029800468,3,Final,19990404/VANCHI,1610612741,1610612763,1998,4, ,,Q4   - ,1,"SUNDAY, APRIL 4, 1999",22198,2:20
1999-04-04T00:00:00,8,0029800469,3,Final,19990404/LACDEN,1610612743,1610612746,1998,4, ,,Q4   - ,1,"SUNDAY, APRIL 4, 1999",8404,2:08
1999-04-04T00:00:00,9,0029800470,3,Final,19990404/HOUSEA,1610612760,1610612745,1998,4, ,,Q4   - ,1,"SUNDAY, APRIL 4, 1999",17072,2:18
1999-04-05T00:00:00,1,0029800471,3,Final,19990405/BOSORL,1610612753,1610612738,1998,4, ,,Q4   - ,1,"MONDAY, APRIL 5, 1999",17248,2:13
1999-04-05T00:00:00,2,0029800472,3,Final,19990405/ATLCHH,1610612766,1610612737,1998,4, ,,Q4   - ,1,"MONDAY, APRIL 5, 1999",17927,2:07
1999-04-05T00:00:00,3,0029800473,3,Final,19990405/INDDET,1610612765,1610612754,1998,4, ,,Q4   - ,1,"MONDAY, APRIL 5, 1999",19642,2:14
1999-04-05T00:00:00,4,0029800474,3,Final,19990405/DALMIN,1610612750,1610612742,1998,4, ,,Q4   - ,1,"MONDAY, APRIL 5, 1999",14107,2:20
1999-04-05T00:00:00,5,0029800475,3,Final,19990405/GSWSAS,1610612759,1610612744,1998,4, ,,Q4   - ,1,"MONDAY, APRIL 5, 1999",14773,2:18
1999-04-05T00:00:00,6,0029800476,3,Final,19990405/DENLAL,1610612747,1610612743,1998,4, ,,Q4   - ,1,"MONDAY, APRIL 5, 1999",17505,2:14
1999-04-06T00:00:00,1,0029800477,3,Final,19990406/ORLNYK,1610612752,1610612753,1998,4, ,,Q4   - ,1,"TUESDAY, APRIL 6, 1999",19763,2:09
1999-04-06T00:00:00,2,0029800478,3,Final,19990406/MILPHI,1610612755,1610612749,1998,4, ,,Q4   - ,1,"TUESDAY, APRIL 6, 1999",16055,2:25
1999-04-06T00:00:00,3,0029800479,3,Final,19990406/NJNWAS,1610612764,1610612751,1998,4, ,,Q4   - ,1,"TUESDAY, APRIL 6, 1999",13101,2:07
1999-04-06T00:00:00,4,0029800480,3,Final,19990406/MIATOR,1610612761,1610612748,1998,4, ,,Q4   - ,1,"TUESDAY, APRIL 6, 1999",19209,2:06
1999-04-06T00:00:00,5,0029800481,3,Final,19990406/CHICLE,1610612739,1610612741,1998,4, ,,Q4   - ,1,"TUESDAY, APRIL 6, 1999",14739,2:09
1999-04-06T00:00:00,6,0029800482,3,Final,19990406/GSWHOU,1610612745,1610612744,1998,4, ,,Q4   - ,1,"TUESDAY, APRIL 6, 1999",16285,1:59
1999-04-06T00:00:00,7,0029800483,3,Final,19990406/PHXLAC,1610612746,1610612756,1998,4, ,,Q4   - ,1,"TUESDAY, APRIL 6, 1999",6450,2:03
1999-04-06T00:00:00,8,0029800484,3,Final,19990406/UTALAL,1610612747,1610612762,1998,4, ,,Q4   - ,1,"TUESDAY, APRIL 6, 1999",17505,2:20
1999-04-06T00:00:00,9,0029800485,3,Final,19990406/VANPOR,1610612757,1610612763,1998,4, ,,Q4   - ,1,"TUESDAY, APRIL 6, 1999",18105,2:14
1999-04-06T00:00:00,10,0029800486,3,Final,19990406/SACSEA,1610612760,1610612758,1998,5, ,,Q5   - ,1,"TUESDAY, APRIL 6, 1999",17072,2:26
1999-04-07T00:00:00,1,0029800487,3,Final,19990407/WASBOS,1610612738,1610612764,1998,4, ,,Q4   - ,1,"WEDNESDAY, APRIL 7, 1999",15901,2:05
1999-04-07T00:00:00,2,0029800488,3,Final,19990407/PHINJN,1610612751,1610612755,1998,4, ,,Q4   - ,1,"WEDNESDAY, APRIL 7, 1999",16041,2:10
1999-04-07T00:00:00,3,0029800489,3,Final,19990407/DALMIA,1610612748,1610612742,1998,4, ,,Q4   - ,1,"WEDNESDAY, APRIL 7, 1999",15200,2:12
1999-04-07T00:00:00,4,0029800490,3,Final,19990407/NYKCHH,1610612766,1610612752,1998,4, ,,Q4   - ,1,"WEDNESDAY, APRIL 7, 1999",19810,2:06
1999-04-07T00:00:00,5,0029800491,3,Final,19990407/ATLDET,1610612765,1610612737,1998,4, ,,Q4   - ,1,"WEDNESDAY, APRIL 7, 1999",16568,2:06
1999-04-07T00:00:00,6,0029800492,3,Final,19990407/INDCHI,1610612741,1610612754,1998,4, ,,Q4   - ,1,"WEDNESDAY, APRIL 7, 1999",22484,2:02
1999-04-07T00:00:00,7,0029800493,3,Final,19990407/CLEMIL,1610612749,1610612739,1998,4, ,,Q4   - ,1,"WEDNESDAY, APRIL 7, 1999",16809,2:17
1999-04-07T00:00:00,8,0029800494,3,Final,19990407/MINPHX,1610612756,1610612750,1998,4, ,,Q4   - ,1,"WEDNESDAY, APRIL 7, 1999",19023,2:16
1999-04-07T00:00:00,9,0029800495,3,Final,19990407/LALSAC,1610612758,1610612747,1998,4, ,,Q4   - ,1,"WEDNESDAY, APRIL 7, 1999",17317,2:10
1999-04-07T00:00:00,10,0029800496,3,Final,19990407/DENVAN,1610612763,1610612743,1998,4, ,,Q4   - ,1,"WEDNESDAY, APRIL 7, 1999",17151,2:06
1999-04-08T00:00:00,1,0029800497,3,Final,19990408/BOSTOR,1610612761,1610612738,1998,4, ,,Q4   - ,1,"THURSDAY, APRIL 8, 1999",16949,2:12
1999-04-08T00:00:00,2,0029800498,3,Final,19990408/ORLCLE,1610612739,1610612753,1998,4, ,,Q4   - ,1,"THURSDAY, APRIL 8, 1999",14512,2:18
1999-04-08T00:00:00,3,0029800499,3,Final,19990408/SASHOU,1610612745,1610612759,1998,4, ,,Q4   - ,1,"THURSDAY, APRIL 8, 1999",16285,2:06
1999-04-08T00:00:00,4,0029800500,3,Final,19990408/GSWUTA,1610612762,1610612744,1998,4, ,,Q4   - ,1,"THURSDAY, APRIL 8, 1999",19506,2:22
1999-04-08T00:00:00,5,0029800501,3,Final,19990408/MINLAC,1610612746,1610612750,1998,4, ,,Q4   - ,1,"THURSDAY, APRIL 8, 1999",7205,2:15
1999-04-08T00:00:00,6,0029800502,3,Final,19990408/PORSEA,1610612760,1610612757,1998,4, ,,Q4   - ,1,"THURSDAY, APRIL 8, 1999",17072,2:21
1999-04-09T00:00:00,1,0029800503,3,Final,19990409/PHIBOS,1610612738,1610612755,1998,4, ,,Q4   - ,1,"FRIDAY, APRIL 9, 1999",18624,2:04
1999-04-09T00:00:00,2,0029800504,3,Final,19990409/TORNJN,1610612751,1610612761,1998,4, ,,Q4   - ,1,"FRIDAY, APRIL 9, 1999",15764,2:11
1999-04-09T00:00:00,3,0029800505,3,Final,19990409/MILORL,1610612753,1610612749,1998,4, ,,Q4   - ,1,"FRIDAY, APRIL 9, 1999",16854,2:09
1999-04-09T00:00:00,4,0029800506,3,Final,19990409/WASCHH,1610612766,1610612764,1998,4, ,,Q4   - ,1,"FRIDAY, APRIL 9, 1999",19038,2:13
1999-04-09T00:00:00,5,0029800507,3,Final,19990409/NYKATL,1610612737,1610612752,1998,4, ,,Q4   - ,1,"FRIDAY, APRIL 9, 1999",21673,2:13
1999-04-09T00:00:00,6,0029800508,3,Final,19990409/DETIND,1610612754,1610612765,1998,4, ,,Q4   - ,1,"FRIDAY, APRIL 9, 1999",16720,2:22
1999-04-09T00:00:00,7,0029800509,3,Final,19990409/PHXUTA,1610612762,1610612756,1998,4, ,,Q4   - ,1,"FRIDAY, APRIL 9, 1999",19911,2:19
1999-04-09T00:00:00,8,0029800510,3,Final,19990409/MINLAL,1610612747,1610612750,1998,4, ,,Q4   - ,1,"FRIDAY, APRIL 9, 1999",17505,2:23
1999-04-09T00:00:00,9,0029800511,3,Final,19990409/SEAVAN,1610612763,1610612760,1998,4, ,,Q4   - ,1,"FRIDAY, APRIL 9, 1999",19193,2:13
1999-04-10T00:00:00,1,0029800512,3,Final,19990410/ATLCLE,1610612739,1610612737,1998,4, ,,Q4   - ,1,"SATURDAY, APRIL 10, 1999",13859,2:02
1999-04-10T00:00:00,2,0029800513,3,Final,19990410/CHHIND,1610612754,1610612766,1998,4, ,,Q4   - ,1,"SATURDAY, APRIL 10, 1999",16702,2:08
1999-04-10T00:00:00,3,0029800514,3,Final,19990410/MIACHI,1610612741,1610612748,1998,4, ,,Q4   - ,1,"SATURDAY, APRIL 10, 1999",22508,2:06
1999-04-10T00:00:00,4,0029800515,3,Final,19990410/GSWDAL,1610612742,1610612744,1998,4, ,,Q4   - ,1,"SATURDAY, APRIL 10, 1999",14218,2:17
1999-04-10T00:00:00,5,0029800516,3,Final,19990410/SASPHX,1610612756,1610612759,1998,4, ,,Q4   - ,1,"SATURDAY, APRIL 10, 1999",19023,1:60
1999-04-10T00:00:00,6,0029800517,3,Final,19990410/PORLAC,1610612746,1610612757,1998,4, ,,Q4   - ,1,"SATURDAY, APRIL 10, 1999",12853,2:07
1999-04-10T00:00:00,7,0029800518,3,Final,19990410/DENSAC,1610612758,1610612743,1998,4, ,,Q4   - ,1,"SATURDAY, APRIL 10, 1999",17317,2:03
1999-04-11T00:00:00,1,0029800519,3,Final,19990411/CHIBOS,1610612738,1610612741,1998,4, ,,Q4   - ,1,"SUNDAY, APRIL 11, 1999",17169,2:05
1999-04-11T00:00:00,2,0029800520,3,Final,19990411/NYKNJN,1610612751,1610612752,1998,4, ,,Q4   - ,1,"SUNDAY, APRIL 11, 1999",20049,2:14
1999-04-11T00:00:00,3,0029800521,3,Final,19990411/PHIWAS,1610612764,1610612755,1998,4, ,,Q4   - ,1,"SUNDAY, APRIL 11, 1999",18761,2:29
1999-04-11T00:00:00,4,0029800522,3,Final,19990411/MILMIA,1610612748,1610612749,1998,4, ,,Q4   - ,1,"SUNDAY, APRIL 11, 1999",15200,2:11
1999-04-11T00:00:00,5,0029800523,3,Final,19990411/DETMIN,1610612750,1610612765,1998,4, ,,Q4   - ,1,"SUNDAY, APRIL 11, 1999",19006,2:07
1999-04-11T00:00:00,6,0029800524,3,Final,19990411/HOUUTA,1610612762,1610612745,1998,4, ,,Q4   - ,1,"SUNDAY, APRIL 11, 1999",19804,2:29
1999-04-11T00:00:00,7,0029800525,3,Final,19990411/SEALAL,1610612747,1610612760,1998,4, ,,Q4   - ,1,"SUNDAY, APRIL 11, 1999",17505,2:35
1999-04-11T00:00:00,8,0029800526,3,Final,19990411/LACPOR,1610612757,1610612746,1998,4, ,,Q4   - ,1,"SUNDAY, APRIL 11, 1999",18101,2:20
1999-04-11T00:00:00,9,0029800527,3,Final,19990411/SACVAN,1610612763,1610612758,1998,4, ,,Q4   - ,1,"SUNDAY, APRIL 11, 1999",17167,2:09
1999-04-12T00:00:00,1,0029800528,3,Final,19990412/CLEBOS,1610612738,1610612739,1998,4, ,,Q4   - ,1,"MONDAY, APRIL 12, 1999",15622,2:06
1999-04-12T00:00:00,2,0029800529,3,Final,19990412/INDTOR,1610612761,1610612754,1998,4, ,,Q4   - ,1,"MONDAY, APRIL 12, 1999",19427,2:14
1999-04-12T00:00:00,3,0029800530,3,Final,19990412/CHHDET,1610612765,1610612766,1998,4, ,,Q4   - ,1,"MONDAY, APRIL 12, 1999",14355,2:14
1999-04-12T00:00:00,4,0029800531,3,Final,19990412/HOUMIN,1610612750,1610612745,1998,4, ,,Q4   - ,1,"MONDAY, APRIL 12, 1999",16093,2:19
1999-04-12T00:00:00,5,0029800532,3,Final,19990412/PHXSAS,1610612759,1610612756,1998,4, ,,Q4   - ,1,"MONDAY, APRIL 12, 1999",14352,2:01
1999-04-12T00:00:00,6,0029800533,3,Final,19990412/GSWDEN,1610612743,1610612744,1998,4, ,,Q4   - ,1,"MONDAY, APRIL 12, 1999",9812,2:11
1999-04-12T00:00:00,7,0029800534,3,Final,19990412/VANUTA,1610612762,1610612763,1998,4, ,,Q4   - ,1,"MONDAY, APRIL 12, 1999",19911,2:07
1999-04-13T00:00:00,1,0029800535,3,Final,19990413/PHINYK,1610612752,1610612755,1998,4, ,,Q4   - ,1,"TUESDAY, APRIL 13, 1999",19763,2:10
1999-04-13T00:00:00,2,0029800536,3,Final,19990413/CHIMIA,1610612748,1610612741,1998,4, ,,Q4   - ,1,"TUESDAY, APRIL 13, 1999",15200,2:10
1999-04-13T00:00:00,3,0029800537,3,Final,19990413/WASCLE,1610612739,1610612764,1998,4, ,,Q4   - ,1,"TUESDAY, APRIL 13, 1999",11533,2:04
1999-04-13T00:00:00,4,0029800538,3,Final,19990413/ATLMIL,1610612749,1610612737,1998,4, ,,Q4   - ,1,"TUESDAY, APRIL 13, 1999",12974,1:58
1999-04-13T00:00:00,5,0029800539,3,Final,19990413/SASDAL,1610612742,1610612759,1998,4, ,,Q4   - ,1,"TUESDAY, APRIL 13, 1999",13142,2:10
1999-04-13T00:00:00,6,0029800540,3,Final,19990413/NJNLAC,1610612746,1610612751,1998,4, ,,Q4   - ,1,"TUESDAY, APRIL 13, 1999",6218,2:05
1999-04-13T00:00:00,7,0029800541,3,Final,19990413/UTASAC,1610612758,1610612762,1998,5, ,,Q5   - ,1,"TUESDAY, APRIL 13, 1999",17317,2:28
1999-04-13T00:00:00,8,0029800542,3,Final,19990413/LALPOR,1610612757,1610612747,1998,4, ,,Q4   - ,1,"TUESDAY, APRIL 13, 1999",20705,2:29
1999-04-14T00:00:00,1,0029800543,3,Final,19990414/ATLBOS,1610612738,1610612737,1998,4, ,,Q4   - ,1,"WEDNESDAY, APRIL 14, 1999",15364,2:05
1999-04-14T00:00:00,2,0029800544,3,Final,19990414/TORPHI,1610612755,1610612761,1998,4, ,,Q4   - ,1,"WEDNESDAY, APRIL 14, 1999",17474,2:23
1999-04-14T00:00:00,3,0029800545,3,Final,19990414/NYKWAS,1610612764,1610612752,1998,5, ,,Q5   - ,1,"WEDNESDAY, APRIL 14, 1999",17428,2:30
1999-04-14T00:00:00,4,0029800546,3,Final,19990414/DETCHH,1610612766,1610612765,1998,4, ,,Q4   - ,1,"WEDNESDAY, APRIL 14, 1999",18229,2:18
1999-04-14T00:00:00,5,0029800547,3,Final,19990414/ORLIND,1610612754,1610612753,1998,4, ,,Q4   - ,1,"WEDNESDAY, APRIL 14, 1999",16590,2:08
1999-04-14T00:00:00,6,0029800548,3,Final,19990414/CLECHI,1610612741,1610612739,1998,4, ,,Q4   - ,1,"WEDNESDAY, APRIL 14, 1999",22102,2:08
1999-04-14T00:00:00,7,0029800549,3,Final,19990414/MIAMIL,1610612749,1610612748,1998,4, ,,Q4   - ,1,"WEDNESDAY, APRIL 14, 1999",14395,2:09
1999-04-14T00:00:00,8,0029800550,3,Final,19990414/VANHOU,1610612745,1610612763,1998,4, ,,Q4   - ,1,"WEDNESDAY, APRIL 14, 1999",16285,2:06
1999-04-14T00:00:00,9,0029800551,3,Final,19990414/MINSAS,1610612759,1610612750,1998,4, ,,Q4   - ,1,"WEDNESDAY, APRIL 14, 1999",15864,2:04
1999-04-14T00:00:00,10,0029800552,3,Final,19990414/NJNDEN,1610612743,1610612751,1998,4, ,,Q4   - ,1,"WEDNESDAY, APRIL 14, 1999",10324,2:02
1999-04-14T00:00:00,11,0029800553,3,Final,19990414/PHXSEA,1610612760,1610612756,1998,4, ,,Q4   - ,1,"WEDNESDAY, APRIL 14, 1999",17072,1:56
1999-04-15T00:00:00,1,0029800554,3,Final,19990415/MINDAL,1610612742,1610612750,1998,4, ,,Q4   - ,1,"THURSDAY, APRIL 15, 1999",13034,2:16
1999-04-15T00:00:00,2,0029800555,3,Final,19990415/PORHOU,1610612745,1610612757,1998,4, ,,Q4   - ,1,"THURSDAY, APRIL 15, 1999",16285,2:05
1999-04-15T00:00:00,3,0029800556,3,Final,19990415/UTALAC,1610612746,1610612762,1998,4, ,,Q4   - ,1,"THURSDAY, APRIL 15, 1999",10447,2:15
1999-04-15T00:00:00,4,0029800557,3,Final,19990415/DENGSW,1610612744,1610612743,1998,4, ,,Q4   - ,1,"THURSDAY, APRIL 15, 1999",9130,2:12
1999-04-15T00:00:00,5,0029800558,3,Final,19990415/SEASAC,1610612758,1610612760,1998,5, ,,Q5   - ,1,"THURSDAY, APRIL 15, 1999",17317,2:36
1999-04-16T00:00:00,1,0029800559,3,Final,19990416/MIABOS,1610612738,1610612748,1998,4, ,,Q4   - ,1,"FRIDAY, APRIL 16, 1999",18624,2:14
1999-04-16T00:00:00,2,0029800560,3,Final,19990416/INDPHI,1610612755,1610612754,1998,4, ,,Q4   - ,1,"FRIDAY, APRIL 16, 1999",20665,2:07
1999-04-16T00:00:00,3,0029800561,3,Final,19990416/CHIWAS,1610612764,1610612741,1998,4, ,,Q4   - ,1,"FRIDAY, APRIL 16, 1999",14248,1:54
1999-04-16T00:00:00,4,0029800562,3,Final,19990416/ORLATL,1610612737,1610612753,1998,4, ,,Q4   - ,1,"FRIDAY, APRIL 16, 1999",17169,2:12
1999-04-16T00:00:00,5,0029800563,3,Final,19990416/CLETOR,1610612761,1610612739,1998,5, ,,Q5   - ,1,"FRIDAY, APRIL 16, 1999",19280,2:40
1999-04-16T00:00:00,6,0029800564,3,Final,19990416/NYKDET,1610612765,1610612752,1998,4, ,,Q4   - ,1,"FRIDAY, APRIL 16, 1999",22076,2:15
1999-04-16T00:00:00,7,0029800565,3,Final,19990416/CHHMIL,1610612749,1610612766,1998,4, ,,Q4   - ,1,"FRIDAY, APRIL 16, 1999",18010,2:15
1999-04-16T00:00:00,8,0029800566,3,Final,19990416/VANMIN,1610612750,1610612763,1998,4, ,,Q4   - ,1,"FRIDAY, APRIL 16, 1999",18347,2:14
1999-04-16T00:00:00,9,0029800567,3,Final,19990416/PORSAS,1610612759,1610612757,1998,4, ,,Q4   - ,1,"FRIDAY, APRIL 16, 1999",21368,2:31
1999-04-16T00:00:00,10,0029800568,3,Final,19990416/DALPHX,1610612756,1610612742,1998,4, ,,Q4   - ,1,"FRIDAY, APRIL 16, 1999",18623,2:03
1999-04-16T00:00:00,11,0029800569,3,Final,19990416/LACGSW,1610612744,1610612746,1998,4, ,,Q4   - ,1,"FRIDAY, APRIL 16, 1999",10437,2:09
1999-04-16T00:00:00,12,0029800570,3,Final,19990416/NJNSEA,1610612760,1610612751,1998,4, ,,Q4   - ,1,"FRIDAY, APRIL 16, 1999",17072,2:10
1999-04-17T00:00:00,1,0029800571,3,Final,19990417/TORNYK,1610612752,1610612761,1998,4, ,,Q4   - ,1,"SATURDAY, APRIL 17, 1999",19763,2:25
1999-04-17T00:00:00,2,0029800572,3,Final,19990417/CHHCLE,1610612739,1610612766,1998,4, ,,Q4   - ,1,"SATURDAY, APRIL 17, 1999",15357,1:60
1999-04-17T00:00:00,3,0029800573,3,Final,19990417/PORDAL,1610612742,1610612757,1998,4, ,,Q4   - ,1,"SATURDAY, APRIL 17, 1999",13358,2:11
1999-04-17T00:00:00,4,0029800574,3,Final,19990417/LALUTA,1610612762,1610612747,1998,4, ,,Q4   - ,1,"SATURDAY, APRIL 17, 1999",19911,2:27
1999-04-17T00:00:00,5,0029800575,3,Final,19990417/DENSAC,1610612758,1610612743,1998,4, ,,Q4   - ,1,"SATURDAY, APRIL 17, 1999",16285,2:07
1999-04-18T00:00:00,1,0029800576,3,Final,19990418/PHINJN,1610612751,1610612755,1998,4, ,,Q4   - ,1,"SUNDAY, APRIL 18, 1999",20049,2:11
1999-04-18T00:00:00,2,0029800577,3,Final,19990418/BOSWAS,1610612764,1610612738,1998,4, ,,Q4   - ,1,"SUNDAY, APRIL 18, 1999",14964,2:29
1999-04-18T00:00:00,3,0029800578,3,Final,19990418/DETORL,1610612753,1610612765,1998,4, ,,Q4   - ,1,"SUNDAY, APRIL 18, 1999",17248,2:19
1999-04-18T00:00:00,4,0029800579,3,Final,19990418/INDMIA,1610612748,1610612754,1998,4, ,,Q4   - ,1,"SUNDAY, APRIL 18, 1999",15200,2:24
1999-04-18T00:00:00,5,0029800580,3,Final,19990418/MILCHI,1610612741,1610612749,1998,4, ,,Q4   - ,1,"SUNDAY, APRIL 18, 1999",22296,2:06
1999-04-18T00:00:00,6,0029800581,3,Final,19990418/UTAMIN,1610612750,1610612762,1998,4, ,,Q4   - ,1,"SUNDAY, APRIL 18, 1999",17472,2:01
1999-04-18T00:00:00,7,0029800582,3,Final,19990418/HOUSAS,1610612759,1610612745,1998,4, ,,Q4   - ,1,"SUNDAY, APRIL 18, 1999",24077,2:26
1999-04-18T00:00:00,8,0029800583,3,Final,19990418/SEAPHX,1610612756,1610612760,1998,4, ,,Q4   - ,1,"SUNDAY, APRIL 18, 1999",19023,2:17
1999-04-18T00:00:00,9,0029800584,3,Final,19990418/DENLAC,1610612746,1610612743,1998,4, ,,Q4   - ,1,"SUNDAY, APRIL 18, 1999",9450,2:19
1999-04-18T00:00:00,10,0029800585,3,Final,19990418/GSWVAN,1610612763,1610612744,1998,4, ,,Q4   - ,1,"SUNDAY, APRIL 18, 1999",17063,2:28
1999-04-19T00:00:00,1,0029800586,3,Final,19990419/INDBOS,1610612738,1610612754,1998,4, ,,Q4   - ,1,"MONDAY, APRIL 19, 1999",18352,2:13
1999-04-19T00:00:00,2,0029800587,3,Final,19990419/CHHNJN,1610612751,1610612766,1998,4, ,,Q4   - ,1,"MONDAY, APRIL 19, 1999",15178,2:08
1999-04-19T00:00:00,3,0029800588,3,Final,19990419/NYKPHI,1610612755,1610612752,1998,4, ,,Q4   - ,1,"MONDAY, APRIL 19, 1999",18049,2:27
1999-04-19T00:00:00,4,0029800589,3,Final,19990419/ORLTOR,1610612761,1610612753,1998,4, ,,Q4   - ,1,"MONDAY, APRIL 19, 1999",17715,2:03
1999-04-19T00:00:00,5,0029800590,3,Final,19990419/MIACLE,1610612739,1610612748,1998,4, ,,Q4   - ,1,"MONDAY, APRIL 19, 1999",13111,2:09
1999-04-19T00:00:00,6,0029800591,3,Final,19990419/SEAHOU,1610612745,1610612760,1998,4, ,,Q4   - ,1,"MONDAY, APRIL 19, 1999",16285,2:05
1999-04-19T00:00:00,7,0029800592,3,Final,19990419/SACLAC,1610612746,1610612758,1998,4, ,,Q4   - ,1,"MONDAY, APRIL 19, 1999",10878,2:11
1999-04-19T00:00:00,8,0029800593,3,Final,19990419/VANLAL,1610612747,1610612763,1998,4, ,,Q4   - ,1,"MONDAY, APRIL 19, 1999",17505,2:03
1999-04-20T00:00:00,1,0029800594,3,Final,19990420/ATLTOR,1610612761,1610612737,1998,4, ,,Q4   - ,1,"TUESDAY, APRIL 20, 1999",18439,1:56
1999-04-20T00:00:00,2,0029800595,3,Final,19990420/WASCHI,1610612741,1610612764,1998,4, ,,Q4   - ,1,"TUESDAY, APRIL 20, 1999",22102,2:13
1999-04-20T00:00:00,3,0029800596,3,Final,19990420/ORLMIL,1610612749,1610612753,1998,4, ,,Q4   - ,1,"TUESDAY, APRIL 20, 1999",14289,2:14
1999-04-20T00:00:00,4,0029800597,3,Final,19990420/PHXDAL,1610612742,1610612756,1998,4, ,,Q4   - ,1,"TUESDAY, APRIL 20, 1999",18121,2:15
1999-05-02T00:00:00,1,0029800598,3,Final,19990502/PORDEN,1610612743,1610612757,1998,4, ,,Q4   - ,1,"SUNDAY, MAY 2, 1999",13920,1:57
1999-04-20T00:00:00,5,0029800599,3,Final,19990420/SASUTA,1610612762,1610612759,1998,4, ,,Q4   - ,1,"TUESDAY, APRIL 20, 1999",19911,2:07
1999-04-20T00:00:00,6,0029800600,3,Final,19990420/LALGSW,1610612744,1610612747,1998,5, ,,Q5   - ,1,"TUESDAY, APRIL 20, 1999",20108,2:57
1999-04-21T00:00:00,1,0029800601,3,Final,19990421/PHIBOS,1610612738,1610612755,1998,4, ,,Q4   - ,1,"WEDNESDAY, APRIL 21, 1999",18287,2:12
1999-04-21T00:00:00,2,0029800602,3,Final,19990421/CHINJN,1610612751,1610612741,1998,4, ,,Q4   - ,1,"WEDNESDAY, APRIL 21, 1999",15874,1:59
1999-04-21T00:00:00,3,0029800603,3,Final,19990421/TORWAS,1610612764,1610612761,1998,4, ,,Q4   - ,1,"WEDNESDAY, APRIL 21, 1999",12214,2:10
1999-04-21T00:00:00,4,0029800604,3,Final,19990421/CLEMIA,1610612748,1610612739,1998,4, ,,Q4   - ,1,"WEDNESDAY, APRIL 21, 1999",15200,2:06
1999-04-21T00:00:00,5,0029800605,3,Final,19990421/DETCHH,1610612766,1610612765,1998,4, ,,Q4   - ,1,"WEDNESDAY, APRIL 21, 1999",19385,0:00
1999-04-21T00:00:00,6,0029800606,3,Final,19990421/MILIND,1610612754,1610612749,1998,5, ,,Q5   - ,1,"WEDNESDAY, APRIL 21, 1999",16550,2:29
1999-04-21T00:00:00,7,0029800607,3,Final,19990421/DALHOU,1610612745,1610612742,1998,4, ,,Q4   - ,1,"WEDNESDAY, APRIL 21, 1999",16285,1:56
1999-04-21T00:00:00,8,0029800608,3,Final,19990421/UTAPHX,1610612756,1610612762,1998,4, ,,Q4   - ,1,"WEDNESDAY, APRIL 21, 1999",19023,2:04
1999-04-21T00:00:00,9,0029800609,3,Final,19990421/GSWSAC,1610612758,1610612744,1998,4, ,,Q4   - ,1,"WEDNESDAY, APRIL 21, 1999",17087,2:17
1999-04-21T00:00:00,10,0029800610,3,Final,19990421/LALPOR,1610612757,1610612747,1998,4, ,,Q4   - ,1,"WEDNESDAY, APRIL 21, 1999",20713,2:23
1999-04-21T00:00:00,11,0029800611,3,Final,19990421/MINSEA,1610612760,1610612750,1998,4, ,,Q4   - ,1,"WEDNESDAY, APRIL 21, 1999",17072,2:12
1999-04-21T00:00:00,12,0029800612,3,Final,19990421/LACVAN,1610612763,1610612746,1998,4, ,,Q4   - ,1,"WEDNESDAY, APRIL 21, 1999",15885,2:20
1999-04-22T00:00:00,1,0029800613,3,Final,19990422/MIAORL,1610612753,1610612748,1998,4, ,,Q4   - ,1,"THURSDAY, APRIL 22, 1999",17248,2:17
1999-04-22T00:00:00,2,0029800614,3,Final,19990422/BOSATL,1610612737,1610612738,1998,4, ,,Q4   - ,1,"THURSDAY, APRIL 22, 1999",8298,2:14
1999-04-22T00:00:00,3,0029800615,3,Final,19990422/PHIDET,1610612765,1610612755,1998,4, ,,Q4   - ,1,"THURSDAY, APRIL 22, 1999",18652,2:07
1999-04-22T00:00:00,4,0029800616,3,Final,19990422/DALSAS,1610612759,1610612742,1998,4, ,,Q4   - ,1,"THURSDAY, APRIL 22, 1999",18720,2:03
1999-04-23T00:00:00,1,0029800617,3,Final,19990423/CHHNYK,1610612752,1610612766,1998,4, ,,Q4   - ,1,"FRIDAY, APRIL 23, 1999",19763,2:18
1999-04-23T00:00:00,2,0029800618,3,Final,19990423/ATLWAS,1610612764,1610612737,1998,4, ,,Q4   - ,1,"FRIDAY, APRIL 23, 1999",16941,2:04
1999-04-23T00:00:00,3,0029800619,3,Final,19990423/TORORL,1610612753,1610612761,1998,4, ,,Q4   - ,1,"FRIDAY, APRIL 23, 1999",17248,2:28
1999-04-23T00:00:00,4,0029800620,3,Final,19990423/BOSCHI,1610612741,1610612738,1998,4, ,,Q4   - ,1,"FRIDAY, APRIL 23, 1999",22969,2:01
1999-04-23T00:00:00,5,0029800621,3,Final,19990423/CLEMIL,1610612749,1610612739,1998,4, ,,Q4   - ,1,"FRIDAY, APRIL 23, 1999",17742,2:15
1999-04-23T00:00:00,6,0029800622,3,Final,19990423/GSWDEN,1610612743,1610612744,1998,4, ,,Q4   - ,1,"FRIDAY, APRIL 23, 1999",11317,2:07
1999-04-23T00:00:00,7,0029800623,3,Final,19990423/PORUTA,1610612762,1610612757,1998,4, ,,Q4   - ,1,"FRIDAY, APRIL 23, 1999",19911,2:36
1999-04-23T00:00:00,8,0029800624,3,Final,19990423/HOULAC,1610612746,1610612745,1998,5, ,,Q5   - ,1,"FRIDAY, APRIL 23, 1999",13855,2:47
1999-04-23T00:00:00,9,0029800625,3,Final,19990423/MINSAC,1610612758,1610612750,1998,4, ,,Q4   - ,1,"FRIDAY, APRIL 23, 1999",17317,2:16
1999-04-23T00:00:00,10,0029800626,3,Final,19990423/SEAVAN,1610612763,1610612760,1998,4, ,,Q4   - ,1,"FRIDAY, APRIL 23, 1999",19193,2:17
1999-04-24T00:00:00,1,0029800627,3,Final,19990424/NJNCHH,1610612766,1610612751,1998,4, ,,Q4   - ,1,"SATURDAY, APRIL 24, 1999",20855,2:00
1999-04-24T00:00:00,2,0029800628,3,Final,19990424/CHIIND,1610612754,1610612741,1998,4, ,,Q4   - ,1,"SATURDAY, APRIL 24, 1999",16753,1:57
1999-04-24T00:00:00,3,0029800629,3,Final,19990424/LALSAS,1610612759,1610612747,1998,4, ,,Q4   - ,1,"SATURDAY, APRIL 24, 1999",31972,2:14
1999-04-24T00:00:00,4,0029800630,3,Final,19990424/VANLAC,1610612746,1610612763,1998,4, ,,Q4   - ,1,"SATURDAY, APRIL 24, 1999",13493,2:18
1999-04-24T00:00:00,5,0029800631,3,Final,19990424/DENGSW,1610612744,1610612743,1998,4, ,,Q4   - ,1,"SATURDAY, APRIL 24, 1999",15127,1:56
1999-04-24T00:00:00,6,0029800632,3,Final,19990424/DALSAC,1610612758,1610612742,1998,4, ,,Q4   - ,1,"SATURDAY, APRIL 24, 1999",17317,2:13
1999-04-25T00:00:00,1,0029800633,3,Final,19990425/WASBOS,1610612738,1610612764,1998,4, ,,Q4   - ,1,"SUNDAY, APRIL 25, 1999",17211,2:00
1999-04-25T00:00:00,2,0029800634,3,Final,19990425/INDNJN,1610612751,1610612754,1998,4, ,,Q4   - ,1,"SUNDAY, APRIL 25, 1999",15050,2:03
1999-04-25T00:00:00,3,0029800635,3,Final,19990425/ORLPHI,1610612755,1610612753,1998,4, ,,Q4   - ,1,"SUNDAY, APRIL 25, 1999",20522,2:26
1999-04-25T00:00:00,4,0029800636,3,Final,19990425/NYKMIA,1610612748,1610612752,1998,4, ,,Q4   - ,1,"SUNDAY, APRIL 25, 1999",15200,2:32
1999-04-25T00:00:00,5,0029800637,3,Final,19990425/MILATL,1610612737,1610612749,1998,4, ,,Q4   - ,1,"SUNDAY, APRIL 25, 1999",8796,2:11
1999-04-25T00:00:00,6,0029800638,3,Final,19990425/DETTOR,1610612761,1610612765,1998,4, ,,Q4   - ,1,"SUNDAY, APRIL 25, 1999",19800,2:21
1999-04-25T00:00:00,7,0029800639,3,Final,19990425/SEAUTA,1610612762,1610612760,1998,4, ,,Q4   - ,1,"SUNDAY, APRIL 25, 1999",19352,2:18
1999-04-25T00:00:00,8,0029800640,3,Final,19990425/HOUPHX,1610612756,1610612745,1998,4, ,,Q4   - ,1,"SUNDAY, APRIL 25, 1999",19023,2:13
1999-04-25T00:00:00,9,0029800641,3,Final,19990425/MINPOR,1610612757,1610612750,1998,4, ,,Q4   - ,1,"SUNDAY, APRIL 25, 1999",20437,2:16
1999-04-26T00:00:00,1,0029800642,3,Final,19990426/NYKCHH,1610612766,1610612752,1998,4, ,,Q4   - ,1,"MONDAY, APRIL 26, 1999",19782,2:24
1999-04-26T00:00:00,2,0029800643,3,Final,19990426/MIACLE,1610612739,1610612748,1998,4, ,,Q4   - ,1,"MONDAY, APRIL 26, 1999",13857,2:11
1999-04-26T00:00:00,3,0029800644,3,Final,19990426/WASMIL,1610612749,1610612764,1998,4, ,,Q4   - ,1,"MONDAY, APRIL 26, 1999",13201,2:02
1999-04-26T00:00:00,4,0029800645,3,Final,19990426/CHIDAL,1610612742,1610612741,1998,4, ,,Q4   - ,1,"MONDAY, APRIL 26, 1999",13011,2:04
1999-04-26T00:00:00,5,0029800646,3,Final,19990426/LALHOU,1610612745,1610612747,1998,4, ,,Q4   - ,1,"MONDAY, APRIL 26, 1999",16285,1:58
1999-04-26T00:00:00,6,0029800647,3,Final,19990426/PHXUTA,1610612762,1610612756,1998,4, ,,Q4   - ,1,"MONDAY, APRIL 26, 1999",19911,2:09
1999-04-26T00:00:00,7,0029800648,3,Final,19990426/SASLAC,1610612746,1610612759,1998,4, ,,Q4   - ,1,"MONDAY, APRIL 26, 1999",8260,2:10
1999-04-26T00:00:00,8,0029800649,3,Final,19990426/SACGSW,1610612744,1610612758,1998,4, ,,Q4   - ,1,"MONDAY, APRIL 26, 1999",16111,2:08
1999-04-26T00:00:00,9,0029800650,3,Final,19990426/DENPOR,1610612757,1610612743,1998,4, ,,Q4   - ,1,"MONDAY, APRIL 26, 1999",19476,1:58
1999-04-27T00:00:00,1,0029800651,3,Final,19990427/DETBOS,1610612738,1610612765,1998,4, ,,Q4   - ,1,"TUESDAY, APRIL 27, 1999",16408,2:27
1999-04-27T00:00:00,2,0029800652,3,Final,19990427/MIANJN,1610612751,1610612748,1998,4, ,,Q4   - ,1,"TUESDAY, APRIL 27, 1999",15883,1:52
1999-04-27T00:00:00,3,0029800653,3,Final,19990427/CLEPHI,1610612755,1610612739,1998,4, ,,Q4   - ,1,"TUESDAY, APRIL 27, 1999",17822,2:19
1999-04-27T00:00:00,4,0029800654,3,Final,19990427/CHHTOR,1610612761,1610612766,1998,4, ,,Q4   - ,1,"TUESDAY, APRIL 27, 1999",19800,2:18
1999-04-27T00:00:00,5,0029800655,3,Final,19990427/ORLIND,1610612754,1610612753,1998,4, ,,Q4   - ,1,"TUESDAY, APRIL 27, 1999",16579,2:15
1999-04-27T00:00:00,6,0029800656,3,Final,19990427/VANDAL,1610612742,1610612763,1998,4, ,,Q4   - ,1,"TUESDAY, APRIL 27, 1999",12650,2:19
1999-04-27T00:00:00,7,0029800657,3,Final,19990427/SASSAC,1610612758,1610612759,1998,5, ,,Q5   - ,1,"TUESDAY, APRIL 27, 1999",16776,2:31
1999-04-27T00:00:00,8,0029800658,3,Final,19990427/UTASEA,1610612760,1610612762,1998,4, ,,Q4   - ,1,"TUESDAY, APRIL 27, 1999",17072,2:28
1999-04-28T00:00:00,1,0029800659,3,Final,19990428/WASORL,1610612753,1610612764,1998,4, ,,Q4   - ,1,"WEDNESDAY, APRIL 28, 1999",15151,2:16
1999-04-28T00:00:00,2,0029800660,3,Final,19990428/NYKATL,1610612737,1610612752,1998,4, ,,Q4   - ,1,"WEDNESDAY, APRIL 28, 1999",13474,2:25
1999-04-28T00:00:00,3,0029800661,3,Final,19990428/NJNDET,1610612765,1610612751,1998,4, ,,Q4   - ,1,"WEDNESDAY, APRIL 28, 1999",17795,2:05
1999-04-28T00:00:00,4,0029800662,3,Final,19990428/TORMIL,1610612749,1610612761,1998,4, ,,Q4   - ,1,"WEDNESDAY, APRIL 28, 1999",15463,2:17
1999-04-28T00:00:00,5,0029800663,3,Final,19990428/PHXMIN,1610612750,1610612756,1998,4, ,,Q4   - ,1,"WEDNESDAY, APRIL 28, 1999",16771,2:11
1999-04-28T00:00:00,6,0029800664,3,Final,19990428/SEAPOR,1610612757,1610612760,1998,4, ,,Q4   - ,1,"WEDNESDAY, APRIL 28, 1999",20311,2:09
1999-04-29T00:00:00,1,0029800665,3,Final,19990429/PHINYK,1610612752,1610612755,1998,4, ,,Q4   - ,1,"THURSDAY, APRIL 29, 1999",19763,2:15
1999-04-29T00:00:00,2,0029800666,3,Final,19990429/CLEWAS,1610612764,1610612739,1998,4, ,,Q4   - ,1,"THURSDAY, APRIL 29, 1999",12751,2:05
1999-04-29T00:00:00,3,0029800667,3,Final,19990429/BOSMIA,1610612748,1610612738,1998,4, ,,Q4   - ,1,"THURSDAY, APRIL 29, 1999",15200,2:11
1999-04-29T00:00:00,4,0029800668,3,Final,19990429/CHHIND,1610612754,1610612766,1998,5, ,,Q5   - ,1,"THURSDAY, APRIL 29, 1999",16228,2:31
1999-04-29T00:00:00,5,0029800669,3,Final,19990429/DALHOU,1610612745,1610612742,1998,4, ,,Q4   - ,1,"THURSDAY, APRIL 29, 1999",16285,2:04
1999-04-29T00:00:00,6,0029800670,3,Final,19990429/PHXDEN,1610612743,1610612756,1998,4, ,,Q4   - ,1,"THURSDAY, APRIL 29, 1999",13129,2:06
1999-04-29T00:00:00,7,0029800671,3,Final,19990429/GSWUTA,1610612762,1610612744,1998,4, ,,Q4   - ,1,"THURSDAY, APRIL 29, 1999",19911,2:11
1999-04-29T00:00:00,8,0029800672,3,Final,19990429/PORLAL,1610612747,1610612757,1998,4, ,,Q4   - ,1,"THURSDAY, APRIL 29, 1999",17505,2:18
1999-04-29T00:00:00,9,0029800673,3,Final,19990429/LACSAC,1610612758,1610612746,1998,4, ,,Q4   - ,1,"THURSDAY, APRIL 29, 1999",16938,2:06
1999-04-29T00:00:00,10,0029800674,3,Final,19990429/SASVAN,1610612763,1610612759,1998,4, ,,Q4   - ,1,"THURSDAY, APRIL 29, 1999",18448,2:02
1999-04-30T00:00:00,1,0029800675,3,Final,19990430/NJNORL,1610612753,1610612751,1998,4, ,,Q4   - ,1,"FRIDAY, APRIL 30, 1999",16589,2:05
1999-04-30T00:00:00,2,0029800676,3,Final,19990430/CHICHH,1610612766,1610612741,1998,4, ,,Q4   - ,1,"FRIDAY, APRIL 30, 1999",20536,2:10
1999-04-30T00:00:00,3,0029800677,3,Final,19990430/INDATL,1610612737,1610612754,1998,5, ,,Q5   - ,1,"FRIDAY, APRIL 30, 1999",24003,2:24
1999-04-30T00:00:00,4,0029800678,3,Final,19990430/TORCLE,1610612739,1610612761,1998,4, ,,Q4   - ,1,"FRIDAY, APRIL 30, 1999",13958,2:13
1999-04-30T00:00:00,5,0029800679,3,Final,19990430/DETMIL,1610612749,1610612765,1998,4, ,,Q4   - ,1,"FRIDAY, APRIL 30, 1999",18717,2:09
1999-04-30T00:00:00,6,0029800680,3,Final,19990430/GSWMIN,1610612750,1610612744,1998,4, ,,Q4   - ,1,"FRIDAY, APRIL 30, 1999",18157,2:17
1999-04-30T00:00:00,7,0029800681,3,Final,19990430/UTAHOU,1610612745,1610612762,1998,4, ,,Q4   - ,1,"FRIDAY, APRIL 30, 1999",16285,2:12
1999-04-30T00:00:00,8,0029800682,3,Final,19990430/DENSEA,1610612760,1610612743,1998,4, ,,Q4   - ,1,"FRIDAY, APRIL 30, 1999",17072,2:06
1999-05-01T00:00:00,1,0029800683,3,Final,19990501/MILBOS,1610612738,1610612749,1998,4, ,,Q4   - ,1,"SATURDAY, MAY 1, 1999",18089,2:02
1999-05-01T00:00:00,2,0029800684,3,Final,19990501/WASNJN,1610612751,1610612764,1998,4, ,,Q4   - ,1,"SATURDAY, MAY 1, 1999",16278,2:12
1999-05-01T00:00:00,3,0029800685,3,Final,19990501/TORPHI,1610612755,1610612761,1998,4, ,,Q4   - ,1,"SATURDAY, MAY 1, 1999",20550,2:22
1999-05-01T00:00:00,4,0029800686,3,Final,19990501/CHIMIA,1610612748,1610612741,1998,4, ,,Q4   - ,1,"SATURDAY, MAY 1, 1999",15200,2:04
1999-05-01T00:00:00,5,0029800687,3,Final,19990501/LACMIN,1610612750,1610612746,1998,4, ,,Q4   - ,1,"SATURDAY, MAY 1, 1999",17203,2:04
1999-05-01T00:00:00,6,0029800688,3,Final,19990501/GSWDAL,1610612742,1610612744,1998,4, ,,Q4   - ,1,"SATURDAY, MAY 1, 1999",15669,2:07
1999-05-01T00:00:00,7,0029800689,3,Final,19990501/PORSAS,1610612759,1610612757,1998,5, ,,Q5   - ,1,"SATURDAY, MAY 1, 1999",28806,2:47
1999-05-01T00:00:00,8,0029800690,3,Final,19990501/VANPHX,1610612756,1610612763,1998,4, ,,Q4   - ,1,"SATURDAY, MAY 1, 1999",19023,2:01
1999-05-02T00:00:00,2,0029800691,3,Final,19990502/CHHMIA,1610612748,1610612766,1998,4, ,,Q4   - ,1,"SUNDAY, MAY 2, 1999",15200,2:11
1999-05-02T00:00:00,3,0029800692,3,Final,19990502/ATLCLE,1610612739,1610612737,1998,4, ,,Q4   - ,1,"SUNDAY, MAY 2, 1999",12690,2:04
1999-05-02T00:00:00,4,0029800693,3,Final,19990502/PHIDET,1610612765,1610612755,1998,4, ,,Q4   - ,1,"SUNDAY, MAY 2, 1999",22076,2:26
1999-05-02T00:00:00,5,0029800694,3,Final,19990502/NYKIND,1610612754,1610612752,1998,4, ,,Q4   - ,1,"SUNDAY, MAY 2, 1999",16730,2:09
1999-05-02T00:00:00,6,0029800695,3,Final,19990502/LACHOU,1610612745,1610612746,1998,4, ,,Q4   - ,1,"SUNDAY, MAY 2, 1999",16285,2:06
1999-05-02T00:00:00,7,0029800696,3,Final,19990502/UTASAS,1610612759,1610612762,1998,4, ,,Q4   - ,1,"SUNDAY, MAY 2, 1999",35122,2:32
1999-05-02T00:00:00,8,0029800697,3,Final,19990502/PHXSAC,1610612758,1610612756,1998,4, ,,Q4   - ,1,"SUNDAY, MAY 2, 1999",17317,1:59
1999-05-02T00:00:00,9,0029800698,3,Final,19990502/LALSEA,1610612760,1610612747,1998,4, ,,Q4   - ,1,"SUNDAY, MAY 2, 1999",17072,2:30
1999-05-03T00:00:00,1,0029800699,3,Final,19990503/BOSNYK,1610612752,1610612738,1998,4, ,,Q4   - ,1,"MONDAY, MAY 3, 1999",19763,2:14
1999-05-03T00:00:00,2,0029800700,3,Final,19990503/NJNWAS,1610612764,1610612751,1998,4, ,,Q4   - ,1,"MONDAY, MAY 3, 1999",14206,1:59
1999-05-03T00:00:00,3,0029800701,3,Final,19990503/DETCHI,1610612741,1610612765,1998,4, ,,Q4   - ,1,"MONDAY, MAY 3, 1999",22306,1:53
1999-05-03T00:00:00,4,0029800702,3,Final,19990503/SACDEN,1610612743,1610612758,1998,4, ,,Q4   - ,1,"MONDAY, MAY 3, 1999",14653,2:02
1999-05-03T00:00:00,5,0029800703,3,Final,19990503/DALLAL,1610612747,1610612742,1998,4, ,,Q4   - ,1,"MONDAY, MAY 3, 1999",17505,2:13
1999-05-03T00:00:00,6,0029800704,3,Final,19990503/GSWVAN,1610612763,1610612744,1998,4, ,,Q4   - ,1,"MONDAY, MAY 3, 1999",17990,2:15
1999-05-04T00:00:00,1,0029800705,3,Final,19990504/ATLMIA,1610612748,1610612737,1998,4, ,,Q4   - ,1,"TUESDAY, MAY 4, 1999",15200,2:12
1999-05-04T00:00:00,2,0029800706,3,Final,19990504/PHICHH,1610612766,1610612755,1998,5, ,,Q5   - ,1,"TUESDAY, MAY 4, 1999",20125,2:55
1999-05-04T00:00:00,3,0029800707,3,Final,19990504/CLEIND,1610612754,1610612739,1998,4, ,,Q4   - ,1,"TUESDAY, MAY 4, 1999",16219,2:05
1999-05-04T00:00:00,4,0029800708,3,Final,19990504/TORMIL,1610612749,1610612761,1998,4, ,,Q4   - ,1,"TUESDAY, MAY 4, 1999",13859,2:03
1999-05-04T00:00:00,5,0029800709,3,Final,19990504/MINHOU,1610612745,1610612750,1998,4, ,,Q4   - ,1,"TUESDAY, MAY 4, 1999",16285,2:07
1999-05-04T00:00:00,6,0029800710,3,Final,19990504/LACUTA,1610612762,1610612746,1998,4, ,,Q4   - ,1,"TUESDAY, MAY 4, 1999",19911,1:58
1999-05-04T00:00:00,7,0029800711,3,Final,19990504/SASPOR,1610612757,1610612759,1998,4, ,,Q4   - ,1,"TUESDAY, MAY 4, 1999",20715,2:11
1999-05-04T00:00:00,8,0029800712,3,Final,19990504/DALSEA,1610612760,1610612742,1998,4, ,,Q4   - ,1,"TUESDAY, MAY 4, 1999",17072,2:11
1999-05-05T00:00:00,1,0029800713,3,Final,19990505/CHHBOS,1610612738,1610612766,1998,6, ,,Q6   - ,1,"WEDNESDAY, MAY 5, 1999",16635,2:52
1999-05-05T00:00:00,2,0029800714,3,Final,19990505/MIANYK,1610612752,1610612748,1998,4, ,,Q4   - ,1,"WEDNESDAY, MAY 5, 1999",19763,2:08
1999-05-05T00:00:00,3,0029800715,3,Final,19990505/MILNJN,1610612751,1610612749,1998,4, ,,Q4   - ,1,"WEDNESDAY, MAY 5, 1999",15764,2:02
1999-05-05T00:00:00,4,0029800716,3,Final,19990505/DETPHI,1610612755,1610612765,1998,5, ,,Q5   - ,1,"WEDNESDAY, MAY 5, 1999",20192,2:39
1999-05-05T00:00:00,5,0029800717,3,Final,19990505/WASATL,1610612737,1610612764,1998,4, ,,Q4   - ,1,"WEDNESDAY, MAY 5, 1999",16899,2:07
1999-05-05T00:00:00,6,0029800718,3,Final,19990505/CLETOR,1610612761,1610612739,1998,4, ,,Q4   - ,1,"WEDNESDAY, MAY 5, 1999",19800,2:08
1999-05-05T00:00:00,7,0029800719,3,Final,19990505/ORLCHI,1610612741,1610612753,1998,4, ,,Q4   - ,1,"WEDNESDAY, MAY 5, 1999",22567,2:12
1999-05-05T00:00:00,8,0029800720,3,Final,19990505/HOUDEN,1610612743,1610612745,1998,4, ,,Q4   - ,1,"WEDNESDAY, MAY 5, 1999",17171,2:03
1999-05-05T00:00:00,9,0029800721,3,Final,19990505/MINPHX,1610612756,1610612750,1998,4, ,,Q4   - ,1,"WEDNESDAY, MAY 5, 1999",18773,2:14
1999-05-05T00:00:00,10,0029800722,3,Final,19990505/SEALAC,1610612746,1610612760,1998,4, ,,Q4   - ,1,"WEDNESDAY, MAY 5, 1999",15372,2:07
1999-05-05T00:00:00,11,0029800723,3,Final,19990505/PORLAL,1610612747,1610612757,1998,4, ,,Q4   - ,1,"WEDNESDAY, MAY 5, 1999",17505,2:23
1999-05-05T00:00:00,12,0029800724,3,Final,19990505/SASGSW,1610612744,1610612759,1998,4, ,,Q4   - ,1,"WEDNESDAY, MAY 5, 1999",17235,2:09
1999-05-05T00:00:00,13,0029800725,3,Final,19990505/VANSAC,1610612758,1610612763,1998,4, ,,Q4   - ,1,"WEDNESDAY, MAY 5, 1999",17317,2:26
